release_date,spawning_year,release_month,n_particles,n_M6,n_M6_north_1979-2015,n_M6_north_2016-2025,n_M6_north_envelope
1993-11-15,1994,11,545807,226326,195214,202175,195175
1993-11-16,1994,11,545807,224460,194684,201698,194645
1993-11-17,1994,11,545807,224094,194423,201599,194382
1993-11-18,1994,11,545807,223210,194237,201428,194199
1993-11-19,1994,11,545807,222080,193868,200945,193839
1993-11-20,1994,11,545807,222210,193422,200811,193396
1993-11-21,1994,11,545807,223514,194168,201490,194135
1993-11-22,1994,11,545807,224660,194792,202250,194741
1993-11-23,1994,11,545807,225630,195351,202807,195301
1993-11-24,1994,11,545807,223844,195049,201714,194995
1993-11-25,1994,11,545807,220219,194866,200732,194809
1993-11-26,1994,11,545807,217235,194850,199851,194783
1993-11-27,1994,11,545807,215928,195266,199831,195203
1993-11-28,1994,11,545807,214909,194839,199125,194778
1993-11-29,1994,11,545807,212499,194686,198156,194615
1993-11-30,1994,11,545807,208626,194121,196709,194069
1993-12-01,1994,12,545807,205446,192557,194803,192531
1993-12-02,1994,12,545807,204458,192361,194641,192328
1993-12-03,1994,12,545807,203525,191609,194095,191569
1993-12-04,1994,12,545807,203198,191275,193731,191254
1993-12-05,1994,12,545807,202604,191032,193566,191007
1993-12-06,1994,12,545807,201623,191081,193762,191047
1993-12-07,1994,12,545807,201437,191932,194802,191894
1993-12-08,1994,12,545807,201089,192108,195108,192077
1993-12-09,1994,12,545807,201378,192426,195457,192387
1993-12-10,1994,12,545807,201574,192651,195808,192615
1993-12-11,1994,12,545807,202789,193603,196832,193567
1993-12-12,1994,12,545807,203726,194496,197834,194464
1993-12-13,1994,12,545807,204488,194965,198379,194918
1993-12-14,1994,12,545807,205082,195765,199035,195724
1993-12-15,1994,12,545807,205513,195974,199244,195931
1993-12-16,1994,12,545807,205588,196129,199285,196087
1993-12-17,1994,12,545807,205342,196038,199281,195984
1993-12-18,1994,12,545807,205259,195983,199066,195931
1993-12-19,1994,12,545807,204770,195434,198628,195381
1993-12-20,1994,12,545807,204763,195606,198719,195546
1993-12-21,1994,12,545807,204900,195762,198937,195713
1993-12-22,1994,12,545807,204964,195687,198935,195616
1993-12-23,1994,12,545807,204344,194997,198209,194951
1993-12-24,1994,12,545807,204024,194550,197827,194497
1993-12-25,1994,12,545807,203866,194341,197569,194279
1993-12-26,1994,12,545807,203631,194420,197383,194343
1993-12-27,1994,12,545807,203718,194415,197504,194340
1993-12-28,1994,12,545807,202497,194129,196788,194069
1993-12-29,1994,12,545807,199924,193293,195080,193232
1993-12-30,1994,12,545807,199620,193068,194863,193020
1993-12-31,1994,12,545807,199399,192994,194729,192931
1994-01-01,1994,1,545807,198656,192558,194097,192495
1994-01-02,1994,1,545807,197407,191375,192806,191305
1994-01-03,1994,1,545807,196004,190369,191718,190304
1994-01-04,1994,1,545807,193825,188540,189857,188506
1994-01-05,1994,1,545807,193303,188362,189572,188338
1994-01-06,1994,1,545807,193001,188188,189349,188158
1994-01-07,1994,1,545807,192440,187819,188973,187788
1994-01-08,1994,1,545807,192519,188000,189140,187974
1994-01-09,1994,1,545807,192049,187412,188588,187399
1994-01-10,1994,1,545807,191292,186834,188022,186832
1994-01-11,1994,1,545807,190118,185607,186766,185602
1994-01-12,1994,1,545807,189257,184627,185702,184622
1994-01-13,1994,1,545807,187381,182854,183869,182851
1994-01-14,1994,1,545807,186759,182409,183432,182409
1994-01-15,1994,1,545807,186685,182198,183206,182198
1994-01-16,1994,1,545807,186673,182235,183272,182235
1994-01-17,1994,1,545807,186561,182244,183180,182244
1994-01-18,1994,1,545807,186143,181791,182772,181791
1994-01-19,1994,1,545807,186101,181852,182805,181852
1994-01-20,1994,1,545807,185907,181685,182660,181685
1994-01-21,1994,1,545807,185930,181849,182766,181849
1994-01-22,1994,1,545807,185832,181761,182728,181760
1994-01-23,1994,1,545807,185815,181791,182683,181787
1994-01-24,1994,1,545807,185276,181546,182325,181535
1994-01-25,1994,1,545807,185377,181691,182434,181679
1994-01-26,1994,1,545807,185089,181365,182171,181352
1994-01-27,1994,1,545807,184805,181242,181900,181223
1994-01-28,1994,1,545807,184413,181042,181732,181021
1994-01-29,1994,1,545807,184581,181333,182013,181312
1994-01-30,1994,1,545807,184192,181041,181755,181016
1994-01-31,1994,1,545807,183716,180550,181194,180521
1994-02-01,1994,2,545807,183550,180375,181053,180352
1994-02-02,1994,2,545807,183361,180021,180701,179998
1994-02-03,1994,2,545807,183229,179803,180514,179779
1994-02-04,1994,2,545807,182731,179366,180030,179341
1994-02-05,1994,2,545807,182227,179064,179691,179041
1994-02-06,1994,2,545807,182355,179092,179739,179065
1994-02-07,1994,2,545807,181919,178550,179231,178531
1994-02-08,1994,2,545807,181839,178549,179194,178535
1994-02-09,1994,2,545807,181856,178555,179199,178543
1994-02-10,1994,2,545807,181784,178566,179185,178552
1994-02-11,1994,2,545807,181475,178320,178908,178300
1994-02-12,1994,2,545807,181165,178336,178936,178330
1994-02-13,1994,2,545807,180809,178257,178791,178256
1994-02-14,1994,2,545807,180037,177699,178278,177699
1994-02-15,1994,2,545807,179637,177513,178053,177513
1994-02-16,1994,2,545807,178738,176852,177343,176849
1994-02-17,1994,2,545807,178302,176574,177001,176573
1994-02-18,1994,2,545807,177824,176096,176518,176084
1994-02-19,1994,2,545807,177607,175876,176288,175869
1994-02-20,1994,2,545807,177528,175943,176296,175915
1994-02-21,1994,2,545807,177159,175640,176033,175627
1994-02-22,1994,2,545807,176893,175596,175897,175564
1994-02-23,1994,2,545807,176754,175347,175669,175313
1994-02-24,1994,2,545807,176599,175264,175541,175228
1994-02-25,1994,2,545807,176378,175123,175408,175092
1994-02-26,1994,2,545807,175626,174347,174645,174301
1994-02-27,1994,2,545807,175303,174145,174404,174102
1994-02-28,1994,2,545807,174922,173817,174092,173782
1994-03-01,1994,3,545807,174259,173179,173444,173142
1994-03-02,1994,3,545807,173420,172473,172691,172437
1994-03-03,1994,3,545807,172867,171966,172183,171932
1994-03-04,1994,3,545807,172817,171889,172158,171861
1994-03-05,1994,3,545807,172633,171646,171882,171616
1994-03-06,1994,3,545807,172435,171478,171744,171460
1994-03-07,1994,3,545807,172360,171419,171640,171397
1994-03-08,1994,3,545807,172536,171598,171856,171580
1994-03-09,1994,3,545807,171942,170948,171212,170935
1994-03-10,1994,3,545807,171548,170665,170929,170654
1994-03-11,1994,3,545807,171895,171018,171266,171010
1994-03-12,1994,3,545807,171860,170995,171260,170990
1994-03-13,1994,3,545807,172259,171325,171586,171309
1994-03-14,1994,3,545807,172080,171192,171473,171190
1994-11-15,1995,11,545807,256434,201266,211338,201178
1994-11-16,1995,11,545807,254287,201134,210989,201057
1994-11-17,1995,11,545807,250594,201463,211211,201378
1994-11-18,1995,11,545807,249631,201638,211482,201550
1994-11-19,1995,11,545807,247222,201231,210562,201154
1994-11-20,1995,11,545807,244796,200881,209779,200795
1994-11-21,1995,11,545807,242083,200375,208930,200302
1994-11-22,1995,11,545807,240944,200699,209472,200626
1994-11-23,1995,11,545807,237398,199822,208367,199751
1994-11-24,1995,11,545807,235535,199452,207872,199382
1994-11-25,1995,11,545807,235303,199632,208381,199569
1994-11-26,1995,11,545807,235834,200446,209505,200387
1994-11-27,1995,11,545807,233190,199325,208480,199272
1994-11-28,1995,11,545807,229676,198095,206659,198039
1994-11-29,1995,11,545807,226165,197001,204958,196970
1994-11-30,1995,11,545807,225965,197256,204869,197218
1994-12-01,1995,12,545807,224870,197336,204337,197296
1994-12-02,1995,12,545807,223971,197580,204055,197531
1994-12-03,1995,12,545807,224083,198187,204270,198153
1994-12-04,1995,12,545807,228566,200412,206670,200356
1994-12-05,1995,12,545807,233916,202955,209502,202895
1994-12-06,1995,12,545807,236358,204101,210690,204017
1994-12-07,1995,12,545807,237837,205032,211878,204944
1994-12-08,1995,12,545807,238193,204940,211816,204849
1994-12-09,1995,12,545807,238694,204831,211859,204739
1994-12-10,1995,12,545807,238205,204352,211087,204245
1994-12-11,1995,12,545807,239476,204582,211132,204471
1994-12-12,1995,12,545807,241684,204835,211638,204737
1994-12-13,1995,12,545807,242102,204779,211305,204682
1994-12-14,1995,12,545807,241772,204844,211095,204735
1994-12-15,1995,12,545807,241375,204499,210825,204395
1994-12-16,1995,12,545807,241220,203862,210186,203769
1994-12-17,1995,12,545807,241797,204520,210739,204391
1994-12-18,1995,12,545807,241515,204798,210522,204680
1994-12-19,1995,12,545807,237342,204716,209923,204608
1994-12-20,1995,12,545807,232435,203930,208740,203800
1994-12-21,1995,12,545807,230664,204189,208882,204060
1994-12-22,1995,12,545807,229124,204268,208971,204131
1994-12-23,1995,12,545807,229304,204819,209348,204700
1994-12-24,1995,12,545807,229265,204619,209217,204509
1994-12-25,1995,12,545807,229016,204809,209318,204709
1994-12-26,1995,12,545807,228785,204440,209158,204355
1994-12-27,1995,12,545807,228652,204063,208660,203999
1994-12-28,1995,12,545807,228218,203601,208244,203520
1994-12-29,1995,12,545807,227983,203177,207970,203110
1994-12-30,1995,12,545807,228094,203735,208340,203683
1994-12-31,1995,12,545807,228026,204079,208617,204016
1995-01-01,1995,1,545807,227967,204190,208792,204138
1995-01-02,1995,1,545807,228127,204498,208981,204434
1995-01-03,1995,1,545807,227803,204021,208539,203959
1995-01-04,1995,1,545807,227640,203982,208468,203904
1995-01-05,1995,1,545807,226970,203757,208262,203677
1995-01-06,1995,1,545807,226869,203618,208063,203531
1995-01-07,1995,1,545807,226418,203297,207704,203208
1995-01-08,1995,1,545807,225938,203499,207785,203398
1995-01-09,1995,1,545807,225399,203655,207840,203536
1995-01-10,1995,1,545807,223395,203503,207711,203399
1995-01-11,1995,1,545807,223083,203660,207829,203553
1995-01-12,1995,1,545807,222572,203782,207722,203669
1995-01-13,1995,1,545807,222104,203292,207303,203179
1995-01-14,1995,1,545807,221150,202743,206514,202638
1995-01-15,1995,1,545807,220482,202753,206456,202600
1995-01-16,1995,1,545807,219253,202533,206205,202421
1995-01-17,1995,1,545807,217592,202398,206035,202295
1995-01-18,1995,1,545807,216825,202180,205772,202073
1995-01-19,1995,1,545807,216285,202191,205856,202100
1995-01-20,1995,1,545807,215899,201850,205477,201745
1995-01-21,1995,1,545807,215529,201516,205036,201410
1995-01-22,1995,1,545807,214582,201017,204581,200933
1995-01-23,1995,1,545807,214074,201225,204787,201128
1995-01-24,1995,1,545807,212583,200805,204331,200695
1995-01-25,1995,1,545807,211460,200182,203373,200066
1995-01-26,1995,1,545807,210476,199884,202829,199788
1995-01-27,1995,1,545807,209088,199060,201857,198957
1995-01-28,1995,1,545807,206830,198184,200829,198088
1995-01-29,1995,1,545807,202308,196657,198172,196574
1995-01-30,1995,1,545807,199109,194915,195956,194886
1995-01-31,1995,1,545807,196042,192634,193491,192610
1995-02-01,1995,2,545807,194842,191523,192350,191516
1995-02-02,1995,2,545807,194258,191009,191845,191005
1995-02-03,1995,2,545807,193810,190663,191482,190657
1995-02-04,1995,2,545807,193321,190285,191040,190266
1995-02-05,1995,2,545807,193107,190181,190916,190163
1995-02-06,1995,2,545807,192945,189885,190634,189863
1995-02-07,1995,2,545807,192703,189697,190482,189685
1995-02-08,1995,2,545807,192328,189292,190060,189283
1995-02-09,1995,2,545807,191808,188765,189582,188764
1995-02-10,1995,2,545807,191308,188234,189090,188234
1995-02-11,1995,2,545807,190733,187735,188627,187734
1995-02-12,1995,2,545807,190606,187612,188481,187611
1995-02-13,1995,2,545807,190192,187085,188040,187085
1995-02-14,1995,2,545807,189917,186939,187830,186938
1995-02-15,1995,2,545807,189467,186380,187373,186378
1995-02-16,1995,2,545807,189462,186389,187415,186388
1995-02-17,1995,2,545807,189138,186004,187029,186000
1995-02-18,1995,2,545807,189053,185814,186895,185811
1995-02-19,1995,2,545807,188926,185716,186809,185711
1995-02-20,1995,2,545807,188321,185060,186213,185053
1995-02-21,1995,2,545807,187704,184327,185511,184324
1995-02-22,1995,2,545807,187526,184175,185266,184170
1995-02-23,1995,2,545807,187284,183780,184895,183780
1995-02-24,1995,2,545807,186809,183474,184517,183468
1995-02-25,1995,2,545807,186498,183121,184261,183114
1995-02-26,1995,2,545807,186421,183138,184195,183134
1995-02-27,1995,2,545807,186044,182663,183716,182659
1995-02-28,1995,2,545807,185782,182456,183523,182447
1995-03-01,1995,3,545807,184990,181694,182715,181691
1995-03-02,1995,3,545807,184968,181680,182699,181675
1995-03-03,1995,3,545807,184610,181506,182481,181502
1995-03-04,1995,3,545807,184214,181120,182068,181120
1995-03-05,1995,3,545807,184281,181263,182152,181259
1995-03-06,1995,3,545807,183946,181007,181837,181003
1995-03-07,1995,3,545807,183710,180960,181829,180956
1995-03-08,1995,3,545807,183344,180723,181550,180720
1995-03-09,1995,3,545807,183447,180847,181680,180841
1995-03-10,1995,3,545807,183378,180760,181602,180748
1995-03-11,1995,3,545807,183257,180693,181510,180684
1995-03-12,1995,3,545807,183273,180938,181689,180928
1995-03-13,1995,3,545807,183185,180801,181571,180790
1995-03-14,1995,3,545807,182624,180372,181191,180365
1995-11-15,1996,11,545807,256530,200640,211265,200553
1995-11-16,1996,11,545807,256722,200772,211364,200699
1995-11-17,1996,11,545807,257351,201150,211536,201055
1995-11-18,1996,11,545807,257866,201124,211639,201043
1995-11-19,1996,11,545807,259308,201108,211793,201012
1995-11-20,1996,11,545807,258566,201227,211820,201131
1995-11-21,1996,11,545807,257062,201134,211471,201024
1995-11-22,1996,11,545807,257258,200960,211534,200854
1995-11-23,1996,11,545807,257168,200851,211374,200760
1995-11-24,1996,11,545807,255661,200683,210992,200591
1995-11-25,1996,11,545807,254074,200059,210508,199969
1995-11-26,1996,11,545807,255605,199894,210368,199797
1995-11-27,1996,11,545807,256844,200076,210321,199983
1995-11-28,1996,11,545807,257190,200183,210458,200089
1995-11-29,1996,11,545807,258229,200462,210703,200366
1995-11-30,1996,11,545807,258166,199892,210009,199792
1995-12-01,1996,12,545807,257894,199702,209817,199605
1995-12-02,1996,12,545807,257342,199594,209576,199511
1995-12-03,1996,12,545807,256911,199766,208911,199653
1995-12-04,1996,12,545807,252781,199758,208635,199639
1995-12-05,1996,12,545807,244797,199814,208520,199696
1995-12-06,1996,12,545807,237052,199764,208353,199657
1995-12-07,1996,12,545807,235785,199635,208050,199542
1995-12-08,1996,12,545807,236423,199946,208316,199816
1995-12-09,1996,12,545807,236140,200047,208363,199913
1995-12-10,1996,12,545807,235995,200126,208249,199986
1995-12-11,1996,12,545807,235471,199729,207776,199588
1995-12-12,1996,12,545807,234829,199731,207186,199570
1995-12-13,1996,12,545807,234685,199854,207318,199712
1995-12-14,1996,12,545807,228685,200124,207063,199961
1995-12-15,1996,12,545807,225806,200248,206958,200110
1995-12-16,1996,12,545807,224888,200336,206759,200202
1995-12-17,1996,12,545807,224042,200154,206576,200054
1995-12-18,1996,12,545807,223740,200085,206240,199980
1995-12-19,1996,12,545807,223424,200088,206302,199983
1995-12-20,1996,12,545807,222863,200062,206093,199938
1995-12-21,1996,12,545807,222646,200170,206223,200075
1995-12-22,1996,12,545807,221833,199983,205700,199907
1995-12-23,1996,12,545807,218824,199268,204767,199172
1995-12-24,1996,12,545807,216298,199300,204762,199207
1995-12-25,1996,12,545807,215696,199236,204659,199127
1995-12-26,1996,12,545807,215357,199181,204474,199080
1995-12-27,1996,12,545807,215013,199125,204282,199021
1995-12-28,1996,12,545807,214038,198873,203953,198773
1995-12-29,1996,12,545807,213522,198794,203715,198691
1995-12-30,1996,12,545807,212915,198528,203352,198417
1995-12-31,1996,12,545807,212369,198245,203007,198150
1996-01-01,1996,1,545807,212160,198109,202700,198011
1996-01-02,1996,1,545807,212120,198298,202853,198210
1996-01-03,1996,1,545807,212042,198430,202928,198326
1996-01-04,1996,1,545807,211509,197672,202195,197584
1996-01-05,1996,1,545807,210976,197705,201966,197630
1996-01-06,1996,1,545807,209561,197144,201103,197058
1996-01-07,1996,1,545807,207430,197100,200597,197009
1996-01-08,1996,1,545807,203181,195920,198295,195836
1996-01-09,1996,1,545807,201675,195299,197516,195233
1996-01-10,1996,1,545807,201055,194890,197095,194833
1996-01-11,1996,1,545807,200035,193987,196139,193952
1996-01-12,1996,1,545807,199686,193536,195705,193514
1996-01-13,1996,1,545807,199723,193603,195713,193575
1996-01-14,1996,1,545807,199428,193393,195554,193356
1996-01-15,1996,1,545807,199056,193053,195182,193018
1996-01-16,1996,1,545807,199086,193096,195281,193051
1996-01-17,1996,1,545807,198912,193119,195221,193072
1996-01-18,1996,1,545807,198565,192802,194813,192758
1996-01-19,1996,1,545807,198412,192750,194737,192699
1996-01-20,1996,1,545807,198375,192720,194708,192664
1996-01-21,1996,1,545807,197995,192822,194594,192758
1996-01-22,1996,1,545807,196292,191866,193315,191833
1996-01-23,1996,1,545807,195694,191709,193070,191706
1996-01-24,1996,1,545807,194991,191216,192398,191210
1996-01-25,1996,1,545807,194712,191128,192219,191110
1996-01-26,1996,1,545807,194516,190953,192126,190930
1996-01-27,1996,1,545807,194489,190987,192126,190952
1996-01-28,1996,1,545807,194461,191166,192247,191130
1996-01-29,1996,1,545807,193949,190814,191854,190775
1996-01-30,1996,1,545807,193813,190984,191939,190950
1996-01-31,1996,1,545807,193615,190778,191859,190737
1996-02-01,1996,2,545807,193462,190610,191708,190575
1996-02-02,1996,2,545807,193374,190535,191581,190485
1996-02-03,1996,2,545807,193561,190596,191701,190552
1996-02-04,1996,2,545807,193308,190569,191572,190531
1996-02-05,1996,2,545807,192934,190012,191142,189981
1996-02-06,1996,2,545807,193309,190244,191367,190199
1996-02-07,1996,2,545807,193328,190314,191405,190283
1996-02-08,1996,2,545807,192900,189866,190944,189847
1996-02-09,1996,2,545807,193016,189930,190991,189911
1996-02-10,1996,2,545807,192980,189842,190914,189825
1996-02-11,1996,2,545807,193129,189935,191032,189916
1996-02-12,1996,2,545807,192841,189710,190707,189694
1996-02-13,1996,2,545807,192607,189510,190487,189504
1996-02-14,1996,2,545807,191881,188955,189787,188948
1996-02-15,1996,2,545807,191862,188968,189766,188956
1996-02-16,1996,2,545807,191788,188918,189703,188916
1996-02-17,1996,2,545807,190908,188364,189075,188364
1996-02-18,1996,2,545807,190271,187680,188381,187680
1996-02-19,1996,2,545807,189517,187101,187772,187101
1996-02-20,1996,2,545807,188704,186297,186959,186297
1996-02-21,1996,2,545807,187786,185350,186022,185350
1996-02-22,1996,2,545807,187475,185045,185725,185045
1996-02-23,1996,2,545807,186921,184530,185228,184530
1996-02-24,1996,2,545807,186726,184356,185051,184356
1996-02-25,1996,2,545807,186445,184051,184729,184051
1996-02-26,1996,2,545807,185994,183655,184343,183655
1996-02-27,1996,2,545807,186293,184009,184657,184009
1996-02-28,1996,2,545807,186392,184056,184741,184056
1996-02-29,1996,2,545807,186579,184133,184870,184133
1996-03-01,1996,3,545807,186426,184012,184727,184012
1996-03-02,1996,3,545807,186783,184279,185030,184279
1996-03-03,1996,3,545807,186845,184429,185126,184429
1996-03-04,1996,3,545807,186643,184060,184813,184060
1996-03-05,1996,3,545807,186280,183810,184494,183810
1996-03-06,1996,3,545807,186001,183570,184263,183570
1996-03-07,1996,3,545807,185579,183218,183903,183218
1996-03-08,1996,3,545807,185624,183231,183897,183231
1996-03-09,1996,3,545807,185412,183022,183797,183022
1996-03-10,1996,3,545807,185426,183038,183708,183037
1996-03-11,1996,3,545807,185455,183000,183735,182998
1996-03-12,1996,3,545807,185196,182786,183512,182786
1996-03-13,1996,3,545807,184850,182397,183164,182397
1996-03-14,1996,3,545807,184375,181871,182617,181871
1996-11-15,1997,11,545807,272655,197484,212717,197425
1996-11-16,1997,11,545807,273427,197464,212424,197418
1996-11-17,1997,11,545807,273535,197486,212419,197432
1996-11-18,1997,11,545807,273307,197290,212311,197218
1996-11-19,1997,11,545807,273164,196719,211538,196662
1996-11-20,1997,11,545807,273010,196700,211525,196644
1996-11-21,1997,11,545807,273079,196850,211551,196787
1996-11-22,1997,11,545807,273204,197265,212099,197197
1996-11-23,1997,11,545807,273350,197357,212192,197290
1996-11-24,1997,11,545807,272857,197770,212107,197718
1996-11-25,1997,11,545807,270258,197974,212473,197913
1996-11-26,1997,11,545807,267975,197772,212631,197697
1996-11-27,1997,11,545807,266638,198652,213108,198581
1996-11-28,1997,11,545807,264513,198862,213012,198770
1996-11-29,1997,11,545807,260427,199340,212757,199287
1996-11-30,1997,11,545807,255565,199427,212733,199351
1996-12-01,1997,12,545807,254602,199500,212601,199422
1996-12-02,1997,12,545807,253631,199072,211772,198993
1996-12-03,1997,12,545807,252519,198454,211041,198370
1996-12-04,1997,12,545807,251792,197956,210670,197881
1996-12-05,1997,12,545807,251910,198023,210678,197951
1996-12-06,1997,12,545807,252170,198019,210433,197953
1996-12-07,1997,12,545807,252815,198948,211038,198867
1996-12-08,1997,12,545807,254225,198914,210916,198835
1996-12-09,1997,12,545807,254192,199199,210905,199115
1996-12-10,1997,12,545807,252990,198995,210311,198921
1996-12-11,1997,12,545807,252948,199258,210320,199188
1996-12-12,1997,12,545807,252436,199196,209800,199126
1996-12-13,1997,12,545807,252168,199401,209991,199325
1996-12-14,1997,12,545807,251811,199472,210150,199406
1996-12-15,1997,12,545807,252096,199683,210393,199603
1996-12-16,1997,12,545807,250981,199485,209523,199412
1996-12-17,1997,12,545807,248274,199108,207983,199050
1996-12-18,1997,12,545807,244133,198816,206268,198740
1996-12-19,1997,12,545807,239636,198437,205329,198376
1996-12-20,1997,12,545807,232505,198366,204534,198307
1996-12-21,1997,12,545807,228408,198586,204336,198528
1996-12-22,1997,12,545807,224039,198172,202972,198111
1996-12-23,1997,12,545807,219152,197810,201880,197741
1996-12-24,1997,12,545807,210160,197622,200499,197547
1996-12-25,1997,12,545807,207091,197485,200140,197415
1996-12-26,1997,12,545807,206103,197262,200001,197205
1996-12-27,1997,12,545807,206046,197363,200208,197305
1996-12-28,1997,12,545807,205513,196896,199805,196859
1996-12-29,1997,12,545807,205407,196781,199572,196729
1996-12-30,1997,12,545807,205052,196532,199229,196473
1996-12-31,1997,12,545807,204997,196655,199416,196613
1997-01-01,1997,1,545807,205011,196693,199286,196631
1997-01-02,1997,1,545807,204976,196783,199381,196735
1997-01-03,1997,1,545807,204767,196506,199102,196464
1997-01-04,1997,1,545807,204723,196538,199166,196480
1997-01-05,1997,1,545807,204807,196624,199238,196578
1997-01-06,1997,1,545807,204597,196563,199163,196511
1997-01-07,1997,1,545807,204959,197124,199715,197075
1997-01-08,1997,1,545807,204739,196769,199407,196717
1997-01-09,1997,1,545807,205258,197354,199989,197301
1997-01-10,1997,1,545807,204736,197013,199607,196969
1997-01-11,1997,1,545807,204220,196789,199369,196748
1997-01-12,1997,1,545807,203874,196386,198948,196329
1997-01-13,1997,1,545807,203911,196452,198977,196399
1997-01-14,1997,1,545807,203941,196431,199037,196389
1997-01-15,1997,1,545807,203988,196383,198932,196332
1997-01-16,1997,1,545807,203622,196253,198760,196216
1997-01-17,1997,1,545807,203579,196195,198687,196153
1997-01-18,1997,1,545807,203155,195790,198257,195754
1997-01-19,1997,1,545807,202510,195406,197712,195366
1997-01-20,1997,1,545807,201461,195001,197046,194955
1997-01-21,1997,1,545807,200707,194556,196633,194516
1997-01-22,1997,1,545807,200407,194477,196566,194444
1997-01-23,1997,1,545807,200053,194118,196105,194073
1997-01-24,1997,1,545807,199697,194042,196026,193993
1997-01-25,1997,1,545807,199061,193862,195657,193809
1997-01-26,1997,1,545807,198757,193618,195403,193553
1997-01-27,1997,1,545807,198523,193646,195412,193591
1997-01-28,1997,1,545807,196891,192899,194392,192853
1997-01-29,1997,1,545807,195886,191949,193326,191891
1997-01-30,1997,1,545807,195729,191840,193220,191776
1997-01-31,1997,1,545807,195215,191506,192794,191453
1997-02-01,1997,2,545807,194999,191279,192527,191207
1997-02-02,1997,2,545807,194281,190657,191892,190602
1997-02-03,1997,2,545807,193802,190283,191504,190213
1997-02-04,1997,2,545807,193749,190150,191328,190091
1997-02-05,1997,2,545807,193155,189728,190875,189683
1997-02-06,1997,2,545807,192792,189467,190533,189405
1997-02-07,1997,2,545807,192758,189417,190482,189353
1997-02-08,1997,2,545807,192383,189152,190155,189093
1997-02-09,1997,2,545807,192224,188954,189980,188893
1997-02-10,1997,2,545807,191679,188372,189473,188307
1997-02-11,1997,2,545807,191280,187975,188992,187918
1997-02-12,1997,2,545807,190714,187447,188476,187373
1997-02-13,1997,2,545807,190588,187265,188245,187164
1997-02-14,1997,2,545807,190366,187165,188076,187066
1997-02-15,1997,2,545807,190097,186878,187851,186792
1997-02-16,1997,2,545807,189852,186562,187543,186453
1997-02-17,1997,2,545807,189928,186713,187691,186636
1997-02-18,1997,2,545807,189900,186598,187585,186508
1997-02-19,1997,2,545807,189609,186315,187281,186232
1997-02-20,1997,2,545807,189355,185983,187008,185899
1997-02-21,1997,2,545807,189033,185595,186598,185503
1997-02-22,1997,2,545807,188985,185665,186672,185571
1997-02-23,1997,2,545807,188941,185711,186701,185643
1997-02-24,1997,2,545807,189103,185877,186864,185802
1997-02-25,1997,2,545807,188894,185630,186731,185568
1997-02-26,1997,2,545807,188822,185648,186626,185556
1997-02-27,1997,2,545807,188662,185361,186381,185295
1997-02-28,1997,2,545807,188572,185188,186209,185123
1997-03-01,1997,3,545807,188419,185115,186087,185035
1997-03-02,1997,3,545807,188032,184682,185652,184620
1997-03-03,1997,3,545807,187950,184540,185573,184486
1997-03-04,1997,3,545807,187334,184050,184993,184004
1997-03-05,1997,3,545807,187064,183764,184717,183730
1997-03-06,1997,3,545807,186519,183323,184217,183281
1997-03-07,1997,3,545807,186149,183112,183958,183085
1997-03-08,1997,3,545807,185606,182743,183535,182711
1997-03-09,1997,3,545807,184867,182043,182762,182006
1997-03-10,1997,3,545807,184516,181838,182528,181800
1997-03-11,1997,3,545807,183475,181088,181620,181059
1997-03-12,1997,3,545807,182162,180004,180503,180004
1997-03-13,1997,3,545807,181334,179264,179819,179264
1997-03-14,1997,3,545807,180124,178485,178991,178485
1997-11-15,1998,11,545807,191892,183477,186107,183471
1997-11-16,1998,11,545807,192667,183998,186413,183992
1997-11-17,1998,11,545807,192823,184338,186713,184334
1997-11-18,1998,11,545807,191767,183315,185744,183312
1997-11-19,1998,11,545807,192469,183973,186417,183970
1997-11-20,1998,11,545807,193845,184184,186676,184183
1997-11-21,1998,11,545807,194663,184230,186584,184227
1997-11-22,1998,11,545807,194955,184261,186679,184261
1997-11-23,1998,11,545807,195217,184493,186868,184489
1997-11-24,1998,11,545807,194627,184111,186271,184111
1997-11-25,1998,11,545807,193871,183688,185713,183688
1997-11-26,1998,11,545807,193255,183676,185401,183676
1997-11-27,1998,11,545807,193080,183690,185290,183690
1997-11-28,1998,11,545807,191817,182714,184217,182714
1997-11-29,1998,11,545807,190869,182066,183575,182065
1997-11-30,1998,11,545807,191492,182457,183959,182452
1997-12-01,1998,12,545807,191181,182306,183885,182305
1997-12-02,1998,12,545807,191026,181812,183405,181812
1997-12-03,1998,12,545807,190643,181440,183143,181440
1997-12-04,1998,12,545807,190710,181622,183238,181619
1997-12-05,1998,12,545807,190145,180979,182661,180979
1997-12-06,1998,12,545807,190225,181126,182841,181126
1997-12-07,1998,12,545807,189914,181247,183016,181247
1997-12-08,1998,12,545807,189903,180889,182619,180888
1997-12-09,1998,12,545807,190779,181173,182906,181173
1997-12-10,1998,12,545807,191320,181497,183207,181493
1997-12-11,1998,12,545807,191394,181245,183010,181230
1997-12-12,1998,12,545807,191838,181594,183385,181587
1997-12-13,1998,12,545807,192341,181929,183841,181917
1997-12-14,1998,12,545807,192708,182045,184154,182027
1997-12-15,1998,12,545807,191676,181598,183630,181588
1997-12-16,1998,12,545807,191538,181656,183741,181645
1997-12-17,1998,12,545807,192333,182279,184375,182271
1997-12-18,1998,12,545807,191616,182064,184248,182060
1997-12-19,1998,12,545807,191338,181986,184161,181976
1997-12-20,1998,12,545807,191832,181953,184214,181946
1997-12-21,1998,12,545807,192521,182343,184783,182337
1997-12-22,1998,12,545807,192901,182637,185238,182634
1997-12-23,1998,12,545807,193117,182841,185474,182838
1997-12-24,1998,12,545807,192326,182486,185047,182485
1997-12-25,1998,12,545807,192163,182645,185237,182645
1997-12-26,1998,12,545807,191526,182220,184793,182220
1997-12-27,1998,12,545807,191696,182360,185129,182359
1997-12-28,1998,12,545807,191743,182174,185069,182174
1997-12-29,1998,12,545807,191624,182203,185093,182203
1997-12-30,1998,12,545807,192094,182273,185455,182273
1997-12-31,1998,12,545807,193264,183270,186635,183269
1998-01-01,1998,1,545807,193916,183616,187098,183615
1998-01-02,1998,1,545807,194387,183643,187393,183643
1998-01-03,1998,1,545807,194525,184001,187703,184001
1998-01-04,1998,1,545807,194593,183685,187547,183684
1998-01-05,1998,1,545807,194735,183716,187787,183715
1998-01-06,1998,1,545807,194092,183752,187431,183752
1998-01-07,1998,1,545807,193915,183707,187263,183703
1998-01-08,1998,1,545807,193267,183319,186877,183319
1998-01-09,1998,1,545807,193212,183507,187050,183497
1998-01-10,1998,1,545807,192908,183248,186736,183237
1998-01-11,1998,1,545807,192771,183293,186709,183280
1998-01-12,1998,1,545807,192725,183336,186750,183330
1998-01-13,1998,1,545807,192370,183410,186745,183397
1998-01-14,1998,1,545807,191963,183474,186639,183464
1998-01-15,1998,1,545807,191388,183281,186252,183272
1998-01-16,1998,1,545807,191507,183594,186596,183590
1998-01-17,1998,1,545807,191159,183313,186261,183308
1998-01-18,1998,1,545807,190934,183259,186176,183255
1998-01-19,1998,1,545807,190937,183278,186287,183270
1998-01-20,1998,1,545807,190822,183153,186112,183143
1998-01-21,1998,1,545807,190870,183396,186327,183385
1998-01-22,1998,1,545807,190407,183055,186024,183046
1998-01-23,1998,1,545807,189855,182709,185567,182699
1998-01-24,1998,1,545807,189215,182273,185116,182268
1998-01-25,1998,1,545807,188585,181831,184627,181825
1998-01-26,1998,1,545807,187800,181297,184024,181287
1998-01-27,1998,1,545807,187439,180904,183637,180899
1998-01-28,1998,1,545807,187322,180729,183508,180724
1998-01-29,1998,1,545807,187048,180425,183183,180413
1998-01-30,1998,1,545807,187015,180279,183084,180272
1998-01-31,1998,1,545807,186969,180166,182981,180162
1998-02-01,1998,2,545807,186971,180443,183119,180439
1998-02-02,1998,2,545807,187441,180861,183609,180856
1998-02-03,1998,2,545807,187450,180778,183540,180774
1998-02-04,1998,2,545807,187355,180975,183603,180973
1998-02-05,1998,2,545807,186768,180587,183104,180586
1998-02-06,1998,2,545807,186627,180716,182985,180715
1998-02-07,1998,2,545807,186458,180770,182729,180769
1998-02-08,1998,2,545807,185792,180425,182151,180425
1998-02-09,1998,2,545807,185658,180439,182023,180438
1998-02-10,1998,2,545807,185601,180433,182088,180431
1998-02-11,1998,2,545807,185780,180594,182222,180593
1998-02-12,1998,2,545807,185791,180697,182371,180697
1998-02-13,1998,2,545807,186214,181256,182864,181256
1998-02-14,1998,2,545807,186091,181080,182770,181080
1998-02-15,1998,2,545807,185787,180922,182620,180922
1998-02-16,1998,2,545807,185305,180568,182270,180567
1998-02-17,1998,2,545807,185522,180817,182557,180817
1998-02-18,1998,2,545807,185290,180646,182429,180645
1998-02-19,1998,2,545807,185562,180840,182596,180840
1998-02-20,1998,2,545807,185593,180977,182693,180976
1998-02-21,1998,2,545807,185217,180558,182271,180556
1998-02-22,1998,2,545807,185195,180743,182411,180743
1998-02-23,1998,2,545807,185245,180845,182479,180845
1998-02-24,1998,2,545807,185129,180717,182394,180717
1998-02-25,1998,2,545807,184778,180537,182150,180536
1998-02-26,1998,2,545807,184700,180502,182104,180500
1998-02-27,1998,2,545807,184071,180159,181655,180158
1998-02-28,1998,2,545807,183593,179925,181307,179924
1998-03-01,1998,3,545807,183511,179845,181282,179845
1998-03-02,1998,3,545807,183544,179981,181366,179981
1998-03-03,1998,3,545807,183187,179760,181056,179760
1998-03-04,1998,3,545807,182466,179318,180429,179318
1998-03-05,1998,3,545807,182205,179408,180315,179408
1998-03-06,1998,3,545807,182187,179385,180354,179385
1998-03-07,1998,3,545807,181941,179124,180082,179124
1998-03-08,1998,3,545807,181628,179048,179913,179048
1998-03-09,1998,3,545807,181172,178687,179499,178687
1998-03-10,1998,3,545807,181020,178545,179433,178545
1998-03-11,1998,3,545807,180538,178169,179016,178169
1998-03-12,1998,3,545807,180116,177769,178595,177769
1998-03-13,1998,3,545807,180050,177798,178600,177798
1998-03-14,1998,3,545807,179818,177514,178354,177514
1998-11-15,1999,11,545807,275048,197023,209299,196956
1998-11-16,1999,11,545807,274581,197370,209338,197315
1998-11-17,1999,11,545807,268871,197068,208532,197009
1998-11-18,1999,11,545807,264048,196732,207860,196668
1998-11-19,1999,11,545807,266810,197235,208533,197167
1998-11-20,1999,11,545807,265512,197156,208260,197090
1998-11-21,1999,11,545807,267612,197590,209061,197521
1998-11-22,1999,11,545807,273338,197926,209713,197869
1998-11-23,1999,11,545807,274466,198164,210326,198105
1998-11-24,1999,11,545807,279028,198208,211082,198151
1998-11-25,1999,11,545807,285554,198615,211794,198552
1998-11-26,1999,11,545807,288049,199010,212664,198952
1998-11-27,1999,11,545807,292056,198982,212817,198935
1998-11-28,1999,11,545807,298284,199154,213048,199088
1998-11-29,1999,11,545807,300742,199379,213355,199325
1998-11-30,1999,11,545807,298629,199371,213343,199306
1998-12-01,1999,12,545807,297947,199251,213250,199186
1998-12-02,1999,12,545807,295537,199286,213366,199225
1998-12-03,1999,12,545807,293863,199301,213191,199250
1998-12-04,1999,12,545807,291061,199286,213097,199233
1998-12-05,1999,12,545807,292780,199356,213218,199287
1998-12-06,1999,12,545807,294336,199828,213488,199763
1998-12-07,1999,12,545807,296584,200733,214649,200661
1998-12-08,1999,12,545807,298904,201375,215228,201318
1998-12-09,1999,12,545807,298923,201310,215473,201246
1998-12-10,1999,12,545807,298971,201532,215524,201484
1998-12-11,1999,12,545807,299600,201419,215503,201338
1998-12-12,1999,12,545807,300379,201536,215802,201473
1998-12-13,1999,12,545807,301165,201767,216112,201697
1998-12-14,1999,12,545807,301656,201811,216033,201745
1998-12-15,1999,12,545807,295572,201620,215614,201564
1998-12-16,1999,12,545807,285684,201308,213340,201247
1998-12-17,1999,12,545807,284021,201033,213069,200974
1998-12-18,1999,12,545807,281202,201356,213216,201300
1998-12-19,1999,12,545807,281411,201315,213000,201249
1998-12-20,1999,12,545807,282873,201257,212982,201200
1998-12-21,1999,12,545807,282949,201299,212776,201230
1998-12-22,1999,12,545807,282341,201345,212906,201275
1998-12-23,1999,12,545807,284358,201151,212686,201056
1998-12-24,1999,12,545807,286861,201057,212635,200966
1998-12-25,1999,12,545807,288964,201197,212613,201109
1998-12-26,1999,12,545807,292415,201464,212793,201379
1998-12-27,1999,12,545807,292593,201906,213245,201826
1998-12-28,1999,12,545807,292697,202082,212945,201984
1998-12-29,1999,12,545807,292883,202403,213319,202303
1998-12-30,1999,12,545807,292358,202530,213298,202421
1998-12-31,1999,12,545807,283207,203050,213709,202926
1999-01-01,1999,1,545807,277621,203273,213787,203169
1999-01-02,1999,1,545807,277308,203220,213960,203110
1999-01-03,1999,1,545807,275018,203231,213483,203096
1999-01-04,1999,1,545807,263289,203312,213116,203211
1999-01-05,1999,1,545807,247202,203287,213373,203183
1999-01-06,1999,1,545807,239894,203461,213195,203351
1999-01-07,1999,1,545807,237574,202963,212849,202860
1999-01-08,1999,1,545807,235720,202792,212482,202683
1999-01-09,1999,1,545807,234687,202600,212337,202478
1999-01-10,1999,1,545807,234978,202682,212316,202577
1999-01-11,1999,1,545807,234706,202545,212143,202445
1999-01-12,1999,1,545807,234314,202574,212037,202468
1999-01-13,1999,1,545807,234402,202681,211967,202590
1999-01-14,1999,1,545807,234390,202364,211571,202259
1999-01-15,1999,1,545807,234620,202888,212100,202778
1999-01-16,1999,1,545807,234409,202594,211844,202501
1999-01-17,1999,1,545807,233686,202166,211255,202072
1999-01-18,1999,1,545807,233282,201856,210935,201758
1999-01-19,1999,1,545807,233539,201827,211079,201731
1999-01-20,1999,1,545807,233798,202245,211540,202166
1999-01-21,1999,1,545807,233141,202139,211105,202047
1999-01-22,1999,1,545807,233688,202412,211516,202331
1999-01-23,1999,1,545807,233584,202503,211493,202412
1999-01-24,1999,1,545807,233624,202700,211916,202610
1999-01-25,1999,1,545807,233300,202658,211692,202577
1999-01-26,1999,1,545807,232551,202612,211407,202511
1999-01-27,1999,1,545807,231912,202341,210764,202248
1999-01-28,1999,1,545807,231626,202225,210456,202143
1999-01-29,1999,1,545807,228060,202207,209888,202131
1999-01-30,1999,1,545807,226461,202206,209740,202131
1999-01-31,1999,1,545807,226008,202133,209617,202057
1999-02-01,1999,2,545807,225812,201720,209279,201624
1999-02-02,1999,2,545807,225578,201772,209232,201686
1999-02-03,1999,2,545807,225557,201965,209465,201886
1999-02-04,1999,2,545807,225336,201620,209004,201544
1999-02-05,1999,2,545807,224908,201238,208640,201151
1999-02-06,1999,2,545807,224807,201286,208645,201196
1999-02-07,1999,2,545807,224268,201383,208471,201308
1999-02-08,1999,2,545807,223442,201083,208240,201009
1999-02-09,1999,2,545807,223032,201120,207939,201056
1999-02-10,1999,2,545807,221527,201224,207795,201152
1999-02-11,1999,2,545807,217013,201434,207565,201362
1999-02-12,1999,2,545807,216209,201551,207394,201492
1999-02-13,1999,2,545807,215217,201456,206744,201393
1999-02-14,1999,2,545807,212938,201468,206190,201409
1999-02-15,1999,2,545807,212048,200997,205467,200941
1999-02-16,1999,2,545807,211562,200852,204972,200793
1999-02-17,1999,2,545807,211201,200711,204796,200662
1999-02-18,1999,2,545807,210361,200478,204383,200434
1999-02-19,1999,2,545807,209549,200017,203777,199959
1999-02-20,1999,2,545807,209447,200310,204012,200246
1999-02-21,1999,2,545807,208910,200012,203533,199961
1999-02-22,1999,2,545807,208239,199714,203192,199649
1999-02-23,1999,2,545807,208519,199935,203396,199872
1999-02-24,1999,2,545807,207976,199498,202892,199444
1999-02-25,1999,2,545807,207950,199478,202787,199413
1999-02-26,1999,2,545807,207719,199463,202635,199400
1999-02-27,1999,2,545807,206707,198907,201944,198856
1999-02-28,1999,2,545807,206085,198894,201746,198835
1999-03-01,1999,3,545807,205852,198921,201691,198862
1999-03-02,1999,3,545807,205343,198639,201412,198575
1999-03-03,1999,3,545807,204898,198392,201184,198333
1999-03-04,1999,3,545807,204665,198185,200911,198121
1999-03-05,1999,3,545807,204629,198097,200858,198021
1999-03-06,1999,3,545807,204729,198192,200952,198133
1999-03-07,1999,3,545807,204403,197937,200679,197860
1999-03-08,1999,3,545807,204101,197922,200568,197831
1999-03-09,1999,3,545807,203698,197430,200171,197351
1999-03-10,1999,3,545807,203507,197266,199934,197150
1999-03-11,1999,3,545807,203299,197252,199926,197162
1999-03-12,1999,3,545807,203246,197188,200005,197102
1999-03-13,1999,3,545807,202889,196947,199742,196866
1999-03-14,1999,3,545807,202640,196577,199445,196510
1999-11-15,2000,11,545807,262617,194039,203461,193995
1999-11-16,2000,11,545807,263985,194365,203790,194308
1999-11-17,2000,11,545807,259642,195265,204808,195216
1999-11-18,2000,11,545807,258997,195616,205405,195568
1999-11-19,2000,11,545807,260138,195912,205643,195859
1999-11-20,2000,11,545807,261822,195634,205510,195590
1999-11-21,2000,11,545807,262605,195762,205701,195701
1999-11-22,2000,11,545807,259520,195115,205185,195051
1999-11-23,2000,11,545807,261409,194807,204682,194746
1999-11-24,2000,11,545807,268428,194963,204760,194891
1999-11-25,2000,11,545807,272768,194234,204044,194149
1999-11-26,2000,11,545807,271288,193458,203397,193384
1999-11-27,2000,11,545807,271410,193225,202853,193168
1999-11-28,2000,11,545807,270131,193239,202957,193181
1999-11-29,2000,11,545807,266802,193360,203215,193303
1999-11-30,2000,11,545807,262053,193373,203189,193323
1999-12-01,2000,12,545807,265906,193951,204058,193894
1999-12-02,2000,12,545807,263642,193376,203289,193330
1999-12-03,2000,12,545807,257883,193219,202974,193176
1999-12-04,2000,12,545807,255875,193414,203173,193366
1999-12-05,2000,12,545807,252188,193361,203126,193315
1999-12-06,2000,12,545807,249521,193361,203169,193309
1999-12-07,2000,12,545807,246319,193365,203262,193315
1999-12-08,2000,12,545807,246348,193497,203351,193433
1999-12-09,2000,12,545807,247717,193954,203911,193892
1999-12-10,2000,12,545807,249148,194668,204813,194601
1999-12-11,2000,12,545807,248726,195091,205424,195032
1999-12-12,2000,12,545807,248956,196087,206559,196026
1999-12-13,2000,12,545807,246079,196249,206540,196184
1999-12-14,2000,12,545807,236269,196074,206386,196017
1999-12-15,2000,12,545807,227897,196153,205422,196093
1999-12-16,2000,12,545807,226052,196394,205587,196324
1999-12-17,2000,12,545807,225290,196715,205758,196665
1999-12-18,2000,12,545807,224949,197123,206286,197066
1999-12-19,2000,12,545807,226262,197741,206863,197670
1999-12-20,2000,12,545807,228130,198110,207323,198036
1999-12-21,2000,12,545807,228973,198086,207232,197997
1999-12-22,2000,12,545807,228817,197904,207097,197813
1999-12-23,2000,12,545807,228575,198194,207122,198096
1999-12-24,2000,12,545807,227982,197893,206778,197806
1999-12-25,2000,12,545807,227595,197971,207124,197875
1999-12-26,2000,12,545807,225991,198119,207186,198035
1999-12-27,2000,12,545807,223526,198280,207233,198190
1999-12-28,2000,12,545807,219893,198357,207335,198265
1999-12-29,2000,12,545807,218117,198402,207276,198307
1999-12-30,2000,12,545807,217126,198233,206762,198139
1999-12-31,2000,12,545807,216187,197604,205985,197496
2000-01-01,2000,1,545807,215966,197658,205892,197571
2000-01-02,2000,1,545807,215821,197734,206028,197661
2000-01-03,2000,1,545807,215820,197654,205775,197565
2000-01-04,2000,1,545807,215800,197676,205806,197585
2000-01-05,2000,1,545807,215743,197675,205742,197610
2000-01-06,2000,1,545807,215449,197563,205545,197477
2000-01-07,2000,1,545807,215145,197448,205316,197363
2000-01-08,2000,1,545807,215384,197557,205601,197467
2000-01-09,2000,1,545807,214647,196883,204879,196804
2000-01-10,2000,1,545807,213668,197107,204949,197022
2000-01-11,2000,1,545807,211304,197191,204154,197111
2000-01-12,2000,1,545807,210490,197134,203760,197046
2000-01-13,2000,1,545807,209923,196870,203317,196791
2000-01-14,2000,1,545807,209764,196661,203045,196589
2000-01-15,2000,1,545807,209397,196377,202516,196285
2000-01-16,2000,1,545807,209129,195991,202254,195906
2000-01-17,2000,1,545807,208600,195596,201734,195507
2000-01-18,2000,1,545807,208685,195662,201634,195586
2000-01-19,2000,1,545807,208492,195475,201452,195382
2000-01-20,2000,1,545807,208246,195314,201336,195238
2000-01-21,2000,1,545807,208254,195504,201462,195407
2000-01-22,2000,1,545807,207753,195330,201191,195250
2000-01-23,2000,1,545807,206708,195554,201342,195474
2000-01-24,2000,1,545807,205171,195181,200073,195109
2000-01-25,2000,1,545807,203345,195302,198774,195244
2000-01-26,2000,1,545807,201686,194744,197960,194645
2000-01-27,2000,1,545807,201621,195080,198156,195015
2000-01-28,2000,1,545807,201222,194787,197790,194701
2000-01-29,2000,1,545807,201272,194853,197787,194785
2000-01-30,2000,1,545807,200916,194489,197389,194416
2000-01-31,2000,1,545807,200534,194134,196937,194041
2000-02-01,2000,2,545807,200317,193808,196625,193717
2000-02-02,2000,2,545807,199736,193371,196158,193293
2000-02-03,2000,2,545807,200190,193717,196539,193637
2000-02-04,2000,2,545807,200104,193609,196455,193525
2000-02-05,2000,2,545807,199916,193475,196247,193393
2000-02-06,2000,2,545807,200029,193637,196295,193531
2000-02-07,2000,2,545807,199801,193600,196184,193491
2000-02-08,2000,2,545807,198267,193194,195119,193068
2000-02-09,2000,2,545807,194448,191377,192460,191280
2000-02-10,2000,2,545807,191562,189164,189959,189074
2000-02-11,2000,2,545807,190255,188081,188839,187998
2000-02-12,2000,2,545807,189844,187848,188535,187777
2000-02-13,2000,2,545807,189528,187503,188292,187485
2000-02-14,2000,2,545807,189230,187272,188041,187265
2000-02-15,2000,2,545807,189374,187367,188175,187367
2000-02-16,2000,2,545807,189118,187320,188149,187318
2000-02-17,2000,2,545807,188877,187123,187946,187122
2000-02-18,2000,2,545807,188514,186846,187644,186843
2000-02-19,2000,2,545807,187946,186298,187069,186297
2000-02-20,2000,2,545807,187363,185755,186525,185755
2000-02-21,2000,2,545807,187204,185624,186345,185621
2000-02-22,2000,2,545807,186620,185042,185701,185033
2000-02-23,2000,2,545807,186631,185156,185817,185145
2000-02-24,2000,2,545807,186290,184807,185479,184793
2000-02-25,2000,2,545807,186150,184806,185407,184791
2000-02-26,2000,2,545807,186546,185161,185736,185148
2000-02-27,2000,2,545807,185964,184560,185162,184550
2000-02-28,2000,2,545807,185707,184331,184891,184325
2000-02-29,2000,2,545807,185655,184216,184778,184213
2000-03-01,2000,3,545807,184887,183551,184079,183543
2000-03-02,2000,3,545807,184664,183456,183931,183445
2000-03-03,2000,3,545807,184496,183360,183810,183357
2000-03-04,2000,3,545807,184375,183302,183773,183295
2000-03-05,2000,3,545807,183903,182799,183286,182796
2000-03-06,2000,3,545807,183697,182673,183143,182667
2000-03-07,2000,3,545807,183217,182151,182620,182148
2000-03-08,2000,3,545807,183261,182220,182678,182215
2000-03-09,2000,3,545807,183120,182095,182613,182092
2000-03-10,2000,3,545807,182998,181970,182456,181966
2000-03-11,2000,3,545807,183301,182188,182698,182185
2000-03-12,2000,3,545807,182545,181451,181904,181446
2000-03-13,2000,3,545807,182243,181092,181600,181082
2000-03-14,2000,3,545807,182007,180828,181335,180810
2000-11-15,2001,11,545807,221542,190795,199641,190778
2000-11-16,2001,11,545807,223200,191006,199902,190989
2000-11-17,2001,11,545807,223556,190994,199793,190974
2000-11-18,2001,11,545807,222980,191121,199698,191101
2000-11-19,2001,11,545807,222718,190859,199464,190836
2000-11-20,2001,11,545807,222246,190823,199171,190795
2000-11-21,2001,11,545807,222126,190857,199044,190825
2000-11-22,2001,11,545807,221327,190862,199014,190831
2000-11-23,2001,11,545807,219892,191069,198791,191042
2000-11-24,2001,11,545807,218367,190885,198005,190862
2000-11-25,2001,11,545807,217807,190886,198061,190866
2000-11-26,2001,11,545807,217479,191566,198560,191539
2000-11-27,2001,11,545807,215929,191220,198315,191199
2000-11-28,2001,11,545807,215740,192627,199571,192595
2000-11-29,2001,11,545807,215232,193101,199888,193058
2000-11-30,2001,11,545807,215132,193242,200033,193207
2000-12-01,2001,12,545807,214151,193183,199712,193157
2000-12-02,2001,12,545807,212798,193295,199212,193259
2000-12-03,2001,12,545807,212551,193566,199275,193529
2000-12-04,2001,12,545807,211916,193618,199042,193579
2000-12-05,2001,12,545807,211024,193149,198447,193105
2000-12-06,2001,12,545807,210323,192698,198002,192666
2000-12-07,2001,12,545807,210733,192916,198000,192886
2000-12-08,2001,12,545807,210028,192864,197432,192834
2000-12-09,2001,12,545807,209118,192277,196622,192252
2000-12-10,2001,12,545807,207799,192202,195997,192168
2000-12-11,2001,12,545807,205320,191173,194284,191154
2000-12-12,2001,12,545807,204219,190771,193987,190767
2000-12-13,2001,12,545807,203236,189960,193092,189957
2000-12-14,2001,12,545807,202965,189879,193033,189878
2000-12-15,2001,12,545807,202685,189679,192870,189672
2000-12-16,2001,12,545807,202591,189551,192876,189543
2000-12-17,2001,12,545807,202742,189257,192511,189243
2000-12-18,2001,12,545807,203218,189263,192557,189242
2000-12-19,2001,12,545807,203267,189329,192498,189309
2000-12-20,2001,12,545807,202714,188922,191933,188895
2000-12-21,2001,12,545807,201949,188337,191342,188320
2000-12-22,2001,12,545807,202016,188694,191608,188658
2000-12-23,2001,12,545807,201842,188749,191551,188717
2000-12-24,2001,12,545807,201711,188738,191511,188692
2000-12-25,2001,12,545807,200631,188640,190913,188582
2000-12-26,2001,12,545807,197804,187360,188895,187313
2000-12-27,2001,12,545807,196618,186632,188006,186615
2000-12-28,2001,12,545807,193855,184969,186151,184969
2000-12-29,2001,12,545807,192953,184630,185766,184630
2000-12-30,2001,12,545807,192868,184788,185916,184788
2000-12-31,2001,12,545807,192757,184783,185983,184783
2001-01-01,2001,1,545807,192580,184785,185955,184785
2001-01-02,2001,1,545807,192520,184823,185924,184823
2001-01-03,2001,1,545807,192072,184424,185503,184424
2001-01-04,2001,1,545807,191385,184073,185132,184073
2001-01-05,2001,1,545807,190607,183327,184400,183327
2001-01-06,2001,1,545807,189768,182854,183856,182854
2001-01-07,2001,1,545807,189403,182790,183745,182790
2001-01-08,2001,1,545807,189067,182380,183348,182380
2001-01-09,2001,1,545807,189087,182616,183568,182616
2001-01-10,2001,1,545807,188670,182391,183284,182391
2001-01-11,2001,1,545807,188180,182165,183049,182165
2001-01-12,2001,1,545807,187441,181703,182594,181703
2001-01-13,2001,1,545807,187306,181794,182640,181794
2001-01-14,2001,1,545807,187393,181997,182851,181996
2001-01-15,2001,1,545807,186142,180807,181646,180807
2001-01-16,2001,1,545807,184910,179770,180592,179770
2001-01-17,2001,1,545807,184738,179876,180600,179876
2001-01-18,2001,1,545807,184675,180134,180851,180134
2001-01-19,2001,1,545807,184775,180225,180979,180225
2001-01-20,2001,1,545807,184791,180225,180998,180225
2001-01-21,2001,1,545807,184255,179807,180540,179807
2001-01-22,2001,1,545807,183586,179325,180027,179325
2001-01-23,2001,1,545807,183245,178949,179639,178949
2001-01-24,2001,1,545807,183197,178937,179666,178937
2001-01-25,2001,1,545807,183034,178857,179552,178857
2001-01-26,2001,1,545807,182798,178614,179297,178614
2001-01-27,2001,1,545807,182618,178539,179228,178539
2001-01-28,2001,1,545807,182299,178285,178971,178284
2001-01-29,2001,1,545807,182106,178170,178823,178170
2001-01-30,2001,1,545807,182081,178242,178875,178242
2001-01-31,2001,1,545807,182321,178670,179283,178669
2001-02-01,2001,2,545807,182341,178775,179413,178775
2001-02-02,2001,2,545807,182246,178804,179363,178804
2001-02-03,2001,2,545807,182004,178697,179267,178697
2001-02-04,2001,2,545807,181822,178447,179063,178447
2001-02-05,2001,2,545807,181742,178517,179104,178516
2001-02-06,2001,2,545807,181487,178220,178858,178219
2001-02-07,2001,2,545807,181582,178396,179031,178396
2001-02-08,2001,2,545807,181517,178351,178907,178351
2001-02-09,2001,2,545807,181552,178404,178997,178403
2001-02-10,2001,2,545807,181129,177845,178487,177845
2001-02-11,2001,2,545807,181209,177927,178564,177926
2001-02-12,2001,2,545807,181131,177752,178420,177752
2001-02-13,2001,2,545807,181134,177851,178483,177851
2001-02-14,2001,2,545807,181037,177822,178480,177822
2001-02-15,2001,2,545807,181247,177958,178531,177958
2001-02-16,2001,2,545807,180910,177593,178213,177593
2001-02-17,2001,2,545807,180587,177273,177924,177273
2001-02-18,2001,2,545807,180181,176916,177545,176916
2001-02-19,2001,2,545807,180035,176897,177508,176895
2001-02-20,2001,2,545807,179925,176787,177376,176783
2001-02-21,2001,2,545807,179930,176710,177341,176707
2001-02-22,2001,2,545807,180155,176991,177575,176983
2001-02-23,2001,2,545807,180068,176890,177532,176887
2001-02-24,2001,2,545807,179930,176555,177212,176552
2001-02-25,2001,2,545807,179658,176326,176949,176321
2001-02-26,2001,2,545807,179731,176500,177138,176493
2001-02-27,2001,2,545807,179847,176557,177177,176556
2001-02-28,2001,2,545807,179945,176718,177331,176715
2001-03-01,2001,3,545807,179896,176575,177230,176570
2001-03-02,2001,3,545807,179816,176604,177201,176602
2001-03-03,2001,3,545807,179286,176091,176686,176090
2001-03-04,2001,3,545807,179377,176099,176731,176099
2001-03-05,2001,3,545807,179040,175774,176373,175774
2001-03-06,2001,3,545807,178904,175651,176270,175651
2001-03-07,2001,3,545807,179016,175789,176394,175788
2001-03-08,2001,3,545807,178768,175515,176132,175515
2001-03-09,2001,3,545807,178760,175505,176129,175505
2001-03-10,2001,3,545807,178705,175521,176136,175521
2001-03-11,2001,3,545807,178649,175434,176033,175434
2001-03-12,2001,3,545807,178324,175164,175775,175164
2001-03-13,2001,3,545807,178232,175082,175690,175082
2001-03-14,2001,3,545807,178020,174904,175516,174904
2001-11-15,2002,11,545807,298621,193356,203374,193284
2001-11-16,2002,11,545807,301613,193559,204073,193497
2001-11-17,2002,11,545807,304808,193798,204207,193732
2001-11-18,2002,11,545807,310624,193717,204129,193651
2001-11-19,2002,11,545807,311763,193724,203769,193639
2001-11-20,2002,11,545807,310770,192509,202598,192443
2001-11-21,2002,11,545807,307792,191330,201319,191249
2001-11-22,2002,11,545807,306924,190714,200536,190613
2001-11-23,2002,11,545807,307596,190556,200397,190458
2001-11-24,2002,11,545807,306462,190390,200016,190295
2001-11-25,2002,11,545807,304397,190753,200551,190653
2001-11-26,2002,11,545807,302701,190633,200483,190528
2001-11-27,2002,11,545807,300906,190770,200377,190651
2001-11-28,2002,11,545807,293503,190829,197957,190720
2001-11-29,2002,11,545807,287930,190709,197137,190603
2001-11-30,2002,11,545807,286224,191117,197306,191002
2001-12-01,2002,12,545807,286894,191687,197805,191578
2001-12-02,2002,12,545807,290267,193106,199583,192981
2001-12-03,2002,12,545807,289832,193117,199438,193012
2001-12-04,2002,12,545807,286640,192870,198677,192766
2001-12-05,2002,12,545807,279586,192387,197642,192276
2001-12-06,2002,12,545807,266765,192754,197589,192637
2001-12-07,2002,12,545807,255617,193129,197961,193030
2001-12-08,2002,12,545807,252623,192783,197708,192702
2001-12-09,2002,12,545807,251314,192975,197861,192884
2001-12-10,2002,12,545807,250208,192380,197297,192261
2001-12-11,2002,12,545807,249645,192514,197386,192399
2001-12-12,2002,12,545807,250206,192621,197528,192500
2001-12-13,2002,12,545807,250179,192819,197851,192714
2001-12-14,2002,12,545807,249823,192628,197732,192529
2001-12-15,2002,12,545807,249407,192837,197818,192722
2001-12-16,2002,12,545807,248832,192740,197834,192621
2001-12-17,2002,12,545807,248318,192396,197278,192296
2001-12-18,2002,12,545807,247719,192431,197388,192313
2001-12-19,2002,12,545807,245744,192302,197242,192207
2001-12-20,2002,12,545807,245111,192462,197323,192386
2001-12-21,2002,12,545807,243817,192223,197076,192130
2001-12-22,2002,12,545807,243505,191784,196734,191709
2001-12-23,2002,12,545807,243271,191984,196908,191904
2001-12-24,2002,12,545807,243481,192121,196773,192039
2001-12-25,2002,12,545807,243034,191508,196437,191436
2001-12-26,2002,12,545807,242221,191527,196285,191443
2001-12-27,2002,12,545807,239907,191059,195803,190974
2001-12-28,2002,12,545807,238883,191105,195996,191041
2001-12-29,2002,12,545807,238439,191161,195916,191091
2001-12-30,2002,12,545807,237900,191475,196150,191404
2001-12-31,2002,12,545807,237714,191563,196238,191473
2002-01-01,2002,1,545807,237522,191587,196196,191511
2002-01-02,2002,1,545807,235259,191189,195510,191101
2002-01-03,2002,1,545807,226013,190531,194246,190465
2002-01-04,2002,1,545807,223851,190238,193896,190160
2002-01-05,2002,1,545807,222440,190020,193767,189939
2002-01-06,2002,1,545807,222015,190527,194317,190450
2002-01-07,2002,1,545807,221727,190508,194159,190401
2002-01-08,2002,1,545807,221631,190884,194465,190791
2002-01-09,2002,1,545807,220252,190764,194375,190668
2002-01-10,2002,1,545807,216084,190865,194479,190789
2002-01-11,2002,1,545807,210488,191296,194759,191204
2002-01-12,2002,1,545807,209042,191355,194753,191276
2002-01-13,2002,1,545807,208327,191223,194593,191142
2002-01-14,2002,1,545807,207829,191521,194749,191434
2002-01-15,2002,1,545807,207578,191316,194546,191230
2002-01-16,2002,1,545807,206701,190927,193968,190854
2002-01-17,2002,1,545807,206721,191067,194169,190985
2002-01-18,2002,1,545807,206490,191171,194144,191106
2002-01-19,2002,1,545807,206062,191105,194094,191019
2002-01-20,2002,1,545807,205581,190729,193624,190662
2002-01-21,2002,1,545807,205214,190979,193862,190904
2002-01-22,2002,1,545807,204555,191241,194110,191172
2002-01-23,2002,1,545807,202917,191131,193957,191046
2002-01-24,2002,1,545807,201855,191480,194190,191398
2002-01-25,2002,1,545807,201744,191182,193994,191099
2002-01-26,2002,1,545807,201817,191417,194183,191337
2002-01-27,2002,1,545807,201816,191702,194392,191621
2002-01-28,2002,1,545807,201862,191644,194320,191565
2002-01-29,2002,1,545807,201145,191341,193863,191257
2002-01-30,2002,1,545807,201073,191294,193816,191209
2002-01-31,2002,1,545807,201487,191836,194394,191746
2002-02-01,2002,2,545807,201338,191797,194289,191712
2002-02-02,2002,2,545807,201609,191943,194381,191854
2002-02-03,2002,2,545807,201953,192408,194837,192320
2002-02-04,2002,2,545807,201811,192526,194982,192434
2002-02-05,2002,2,545807,201685,192568,194884,192485
2002-02-06,2002,2,545807,201606,192392,194787,192326
2002-02-07,2002,2,545807,201463,192352,194636,192277
2002-02-08,2002,2,545807,200854,192232,194493,192154
2002-02-09,2002,2,545807,200595,191797,194106,191709
2002-02-10,2002,2,545807,200410,191880,194128,191808
2002-02-11,2002,2,545807,199936,191849,194010,191762
2002-02-12,2002,2,545807,198836,191381,193607,191304
2002-02-13,2002,2,545807,197057,191371,193363,191311
2002-02-14,2002,2,545807,195813,191253,193202,191197
2002-02-15,2002,2,545807,195453,191095,192921,191002
2002-02-16,2002,2,545807,195123,191033,192867,190953
2002-02-17,2002,2,545807,194965,190986,192735,190920
2002-02-18,2002,2,545807,194332,190549,192307,190467
2002-02-19,2002,2,545807,193007,189636,191388,189571
2002-02-20,2002,2,545807,192392,189196,190837,189122
2002-02-21,2002,2,545807,192413,189307,190947,189235
2002-02-22,2002,2,545807,192264,189228,190764,189164
2002-02-23,2002,2,545807,191939,188759,190325,188687
2002-02-24,2002,2,545807,191751,188528,190103,188453
2002-02-25,2002,2,545807,191346,188129,189632,188066
2002-02-26,2002,2,545807,190828,187691,189126,187616
2002-02-27,2002,2,545807,190388,187565,188914,187485
2002-02-28,2002,2,545807,189932,187367,188648,187295
2002-03-01,2002,3,545807,189759,187337,188496,187246
2002-03-02,2002,3,545807,189221,186925,188067,186831
2002-03-03,2002,3,545807,188915,186936,187911,186831
2002-03-04,2002,3,545807,188581,186588,187653,186516
2002-03-05,2002,3,545807,188308,186355,187326,186274
2002-03-06,2002,3,545807,187751,185902,186810,185829
2002-03-07,2002,3,545807,187731,185851,186724,185756
2002-03-08,2002,3,545807,187472,185691,186604,185640
2002-03-09,2002,3,545807,187040,185407,186205,185334
2002-03-10,2002,3,545807,186690,185073,185867,185000
2002-03-11,2002,3,545807,185956,184294,185105,184211
2002-03-12,2002,3,545807,185217,183510,184336,183447
2002-03-13,2002,3,545807,184545,182797,183681,182722
2002-03-14,2002,3,545807,183680,181793,182722,181704
2002-11-15,2003,11,545807,211214,192281,199687,192223
2002-11-16,2003,11,545807,210637,192303,199257,192254
2002-11-17,2003,11,545807,209405,191976,198531,191927
2002-11-18,2003,11,545807,208009,191265,197211,191205
2002-11-19,2003,11,545807,208460,191747,197809,191690
2002-11-20,2003,11,545807,208866,192084,198151,192020
2002-11-21,2003,11,545807,209208,192373,198589,192311
2002-11-22,2003,11,545807,208333,191932,198175,191877
2002-11-23,2003,11,545807,207850,191683,197851,191631
2002-11-24,2003,11,545807,208493,192571,198627,192507
2002-11-25,2003,11,545807,207533,192114,197813,192036
2002-11-26,2003,11,545807,206752,192239,197403,192182
2002-11-27,2003,11,545807,206000,192025,196803,191953
2002-11-28,2003,11,545807,205831,192813,197342,192730
2002-11-29,2003,11,545807,206597,194078,198599,193999
2002-11-30,2003,11,545807,207009,194624,199083,194572
2002-12-01,2003,12,545807,207628,195006,199460,194941
2002-12-02,2003,12,545807,208419,196151,200621,196094
2002-12-03,2003,12,545807,207568,196051,200322,196005
2002-12-04,2003,12,545807,205470,196095,199818,196045
2002-12-05,2003,12,545807,203568,195474,198493,195413
2002-12-06,2003,12,545807,202850,195083,198109,195011
2002-12-07,2003,12,545807,203022,195401,198451,195329
2002-12-08,2003,12,545807,203229,195399,198592,195307
2002-12-09,2003,12,545807,202770,194886,198203,194796
2002-12-10,2003,12,545807,202455,194757,198109,194660
2002-12-11,2003,12,545807,202380,194351,197890,194258
2002-12-12,2003,12,545807,202087,194133,197606,194050
2002-12-13,2003,12,545807,201508,193604,197077,193529
2002-12-14,2003,12,545807,200765,193117,196622,193037
2002-12-15,2003,12,545807,200279,192862,196331,192776
2002-12-16,2003,12,545807,199805,192546,196043,192482
2002-12-17,2003,12,545807,200724,192969,196495,192897
2002-12-18,2003,12,545807,201041,193037,196523,192969
2002-12-19,2003,12,545807,200818,192705,196194,192627
2002-12-20,2003,12,545807,200624,192563,195956,192471
2002-12-21,2003,12,545807,200017,191859,195318,191794
2002-12-22,2003,12,545807,199584,191735,195082,191647
2002-12-23,2003,12,545807,199108,191250,194650,191172
2002-12-24,2003,12,545807,199012,191079,194438,191013
2002-12-25,2003,12,545807,198444,190685,193870,190605
2002-12-26,2003,12,545807,198118,190336,193586,190270
2002-12-27,2003,12,545807,197771,190221,193290,190154
2002-12-28,2003,12,545807,197458,190587,193443,190531
2002-12-29,2003,12,545807,197029,190492,193187,190435
2002-12-30,2003,12,545807,196561,190396,193121,190357
2002-12-31,2003,12,545807,196120,190138,192863,190137
2003-01-01,2003,1,545807,196118,189876,192746,189876
2003-01-02,2003,1,545807,195779,189806,192783,189806
2003-01-03,2003,1,545807,195168,189412,192364,189412
2003-01-04,2003,1,545807,195515,189646,192769,189645
2003-01-05,2003,1,545807,195223,189339,192422,189336
2003-01-06,2003,1,545807,195508,189420,192619,189420
2003-01-07,2003,1,545807,195657,189563,192638,189561
2003-01-08,2003,1,545807,195282,189199,192299,189193
2003-01-09,2003,1,545807,195377,189204,192307,189197
2003-01-10,2003,1,545807,195349,189159,192237,189150
2003-01-11,2003,1,545807,195224,188936,192094,188928
2003-01-12,2003,1,545807,195104,188869,192005,188857
2003-01-13,2003,1,545807,195181,188837,191923,188822
2003-01-14,2003,1,545807,195146,188749,191841,188749
2003-01-15,2003,1,545807,195268,188983,192005,188983
2003-01-16,2003,1,545807,194796,188818,191776,188817
2003-01-17,2003,1,545807,194842,188933,191886,188932
2003-01-18,2003,1,545807,194961,189089,192012,189089
2003-01-19,2003,1,545807,194479,188779,191590,188779
2003-01-20,2003,1,545807,194586,188832,191727,188831
2003-01-21,2003,1,545807,194497,188891,191641,188886
2003-01-22,2003,1,545807,194348,188673,191628,188671
2003-01-23,2003,1,545807,193929,188463,191361,188463
2003-01-24,2003,1,545807,193536,188212,191007,188211
2003-01-25,2003,1,545807,193395,188347,191067,188347
2003-01-26,2003,1,545807,193305,188408,191055,188408
2003-01-27,2003,1,545807,193442,188527,191215,188527
2003-01-28,2003,1,545807,193916,189132,191775,189132
2003-01-29,2003,1,545807,194324,189401,192169,189400
2003-01-30,2003,1,545807,194256,189672,192210,189670
2003-01-31,2003,1,545807,194548,189743,192406,189742
2003-02-01,2003,2,545807,194224,189639,192149,189639
2003-02-02,2003,2,545807,194089,189609,192085,189608
2003-02-03,2003,2,545807,193855,189477,191943,189476
2003-02-04,2003,2,545807,192773,188805,191114,188804
2003-02-05,2003,2,545807,191846,188298,190486,188298
2003-02-06,2003,2,545807,191233,187861,190059,187860
2003-02-07,2003,2,545807,190855,187589,189730,187589
2003-02-08,2003,2,545807,190632,187298,189428,187298
2003-02-09,2003,2,545807,190981,187613,189803,187613
2003-02-10,2003,2,545807,190918,187549,189715,187549
2003-02-11,2003,2,545807,190683,187601,189655,187601
2003-02-12,2003,2,545807,190364,187394,189433,187394
2003-02-13,2003,2,545807,190129,187230,189218,187226
2003-02-14,2003,2,545807,189797,187011,188930,187009
2003-02-15,2003,2,545807,188483,185697,187660,185693
2003-02-16,2003,2,545807,188096,185441,187377,185438
2003-02-17,2003,2,545807,187457,184749,186691,184745
2003-02-18,2003,2,545807,185565,182844,184806,182840
2003-02-19,2003,2,545807,184387,181723,183631,181719
2003-02-20,2003,2,545807,183521,180916,182867,180914
2003-02-21,2003,2,545807,182668,180152,182022,180150
2003-02-22,2003,2,545807,182395,179738,181713,179737
2003-02-23,2003,2,545807,181998,179339,181315,179337
2003-02-24,2003,2,545807,181509,178807,180756,178804
2003-02-25,2003,2,545807,181065,178344,180325,178344
2003-02-26,2003,2,545807,179966,177338,179228,177338
2003-02-27,2003,2,545807,179097,176437,178357,176434
2003-02-28,2003,2,545807,178943,176264,178186,176262
2003-03-01,2003,3,545807,178183,175568,177424,175567
2003-03-02,2003,3,545807,177558,175055,176866,175054
2003-03-03,2003,3,545807,176972,174469,176272,174467
2003-03-04,2003,3,545807,176633,174137,175997,174136
2003-03-05,2003,3,545807,176057,173640,175437,173638
2003-03-06,2003,3,545807,175622,173254,174997,173249
2003-03-07,2003,3,545807,175351,172919,174710,172916
2003-03-08,2003,3,545807,174693,172270,174054,172269
2003-03-09,2003,3,545807,173386,170876,172737,170871
2003-03-10,2003,3,545807,171930,169510,171287,169499
2003-03-11,2003,3,545807,170598,168100,169949,168094
2003-03-12,2003,3,545807,169371,166853,168671,166852
2003-03-13,2003,3,545807,168177,165691,167482,165687
2003-03-14,2003,3,545807,166067,163588,165343,163588
2003-11-15,2004,11,545807,233578,192948,199948,192874
2003-11-16,2004,11,545807,234454,193284,199793,193213
2003-11-17,2004,11,545807,233204,193961,200341,193889
2003-11-18,2004,11,545807,231461,194200,200475,194128
2003-11-19,2004,11,545807,230967,194447,200680,194390
2003-11-20,2004,11,545807,230239,194470,200464,194409
2003-11-21,2004,11,545807,230041,194295,200421,194242
2003-11-22,2004,11,545807,229717,194158,200494,194093
2003-11-23,2004,11,545807,229381,194003,200254,193931
2003-11-24,2004,11,545807,229286,193831,200211,193784
2003-11-25,2004,11,545807,229448,193849,200233,193793
2003-11-26,2004,11,545807,229531,194315,200509,194254
2003-11-27,2004,11,545807,229664,194261,200562,194208
2003-11-28,2004,11,545807,230161,194401,200639,194340
2003-11-29,2004,11,545807,230130,194468,200722,194412
2003-11-30,2004,11,545807,229806,194857,200770,194792
2003-12-01,2004,12,545807,229458,194846,200686,194790
2003-12-02,2004,12,545807,228335,194802,200457,194713
2003-12-03,2004,12,545807,226952,194558,199799,194463
2003-12-04,2004,12,545807,223562,194359,198919,194266
2003-12-05,2004,12,545807,218220,193709,197529,193602
2003-12-06,2004,12,545807,213832,193275,196580,193160
2003-12-07,2004,12,545807,210510,193121,196049,193029
2003-12-08,2004,12,545807,208386,193264,196055,193171
2003-12-09,2004,12,545807,204842,193056,195718,192965
2003-12-10,2004,12,545807,203067,192587,195090,192467
2003-12-11,2004,12,545807,203241,193124,195598,193027
2003-12-12,2004,12,545807,203111,192850,195417,192748
2003-12-13,2004,12,545807,203102,193080,195630,192987
2003-12-14,2004,12,545807,203251,193106,195637,193022
2003-12-15,2004,12,545807,203346,193139,195713,193056
2003-12-16,2004,12,545807,203577,193369,195886,193286
2003-12-17,2004,12,545807,203866,193643,196185,193560
2003-12-18,2004,12,545807,203619,193556,196053,193468
2003-12-19,2004,12,545807,203717,193578,196091,193490
2003-12-20,2004,12,545807,203795,193771,196225,193659
2003-12-21,2004,12,545807,203549,193525,195792,193416
2003-12-22,2004,12,545807,203386,193550,195812,193455
2003-12-23,2004,12,545807,203506,193630,195937,193529
2003-12-24,2004,12,545807,203539,193930,196389,193824
2003-12-25,2004,12,545807,204162,194381,196908,194293
2003-12-26,2004,12,545807,204167,194532,196987,194426
2003-12-27,2004,12,545807,203743,194370,196694,194276
2003-12-28,2004,12,545807,204197,194713,196925,194611
2003-12-29,2004,12,545807,203862,194697,196831,194594
2003-12-30,2004,12,545807,203654,194450,196546,194356
2003-12-31,2004,12,545807,203137,194270,196273,194162
2004-01-01,2004,1,545807,202401,193746,195742,193659
2004-01-02,2004,1,545807,201859,193698,195800,193651
2004-01-03,2004,1,545807,201069,193539,195495,193494
2004-01-04,2004,1,545807,200634,193504,195431,193472
2004-01-05,2004,1,545807,200081,193451,195443,193397
2004-01-06,2004,1,545807,199889,193382,195381,193330
2004-01-07,2004,1,545807,198851,192947,194971,192886
2004-01-08,2004,1,545807,198719,193354,195281,193301
2004-01-09,2004,1,545807,198736,193344,195324,193266
2004-01-10,2004,1,545807,198574,193375,195375,193303
2004-01-11,2004,1,545807,198133,193122,195091,193043
2004-01-12,2004,1,545807,197611,192672,194619,192578
2004-01-13,2004,1,545807,197336,192580,194579,192506
2004-01-14,2004,1,545807,197155,192517,194409,192437
2004-01-15,2004,1,545807,196958,192379,194378,192295
2004-01-16,2004,1,545807,196810,192417,194430,192338
2004-01-17,2004,1,545807,196390,192231,194124,192132
2004-01-18,2004,1,545807,195815,191706,193652,191626
2004-01-19,2004,1,545807,195467,191607,193595,191533
2004-01-20,2004,1,545807,194734,191277,193237,191194
2004-01-21,2004,1,545807,193624,190489,192233,190409
2004-01-22,2004,1,545807,193299,190317,192102,190245
2004-01-23,2004,1,545807,193019,190021,191756,189947
2004-01-24,2004,1,545807,192949,189847,191679,189781
2004-01-25,2004,1,545807,192823,189832,191671,189753
2004-01-26,2004,1,545807,192297,189493,191254,189418
2004-01-27,2004,1,545807,191704,189138,190803,189059
2004-01-28,2004,1,545807,191169,188798,190364,188724
2004-01-29,2004,1,545807,190799,188468,190047,188389
2004-01-30,2004,1,545807,190540,188262,189821,188171
2004-01-31,2004,1,545807,190369,188128,189626,188048
2004-02-01,2004,2,545807,189959,187667,189201,187580
2004-02-02,2004,2,545807,189925,187562,189052,187473
2004-02-03,2004,2,545807,189681,187429,188882,187305
2004-02-04,2004,2,545807,188699,186616,188024,186508
2004-02-05,2004,2,545807,188422,186455,187816,186349
2004-02-06,2004,2,545807,187660,185853,187170,185752
2004-02-07,2004,2,545807,187266,185488,186815,185375
2004-02-08,2004,2,545807,186357,184791,186010,184695
2004-02-09,2004,2,545807,186278,184763,185941,184674
2004-02-10,2004,2,545807,185453,184001,185158,183923
2004-02-11,2004,2,545807,184728,183251,184393,183132
2004-02-12,2004,2,545807,183963,182555,183653,182449
2004-02-13,2004,2,545807,183070,181642,182733,181550
2004-02-14,2004,2,545807,182261,180823,181882,180725
2004-02-15,2004,2,545807,181974,180505,181562,180412
2004-02-16,2004,2,545807,181621,180057,181173,179982
2004-02-17,2004,2,545807,181081,179493,180581,179396
2004-02-18,2004,2,545807,180791,179227,180292,179143
2004-02-19,2004,2,545807,180686,179150,180162,179055
2004-02-20,2004,2,545807,180326,178897,179878,178809
2004-02-21,2004,2,545807,179742,178337,179320,178251
2004-02-22,2004,2,545807,179273,177882,178809,177811
2004-02-23,2004,2,545807,178613,177271,178191,177199
2004-02-24,2004,2,545807,178380,177023,177926,176948
2004-02-25,2004,2,545807,177933,176572,177472,176499
2004-02-26,2004,2,545807,177752,176262,177243,176176
2004-02-27,2004,2,545807,177763,176421,177328,176354
2004-02-28,2004,2,545807,177594,176104,177062,176031
2004-02-29,2004,2,545807,177412,175871,176883,175801
2004-03-01,2004,3,545807,177265,175787,176750,175711
2004-03-02,2004,3,545807,177410,175904,176851,175815
2004-03-03,2004,3,545807,177221,175750,176712,175685
2004-03-04,2004,3,545807,176772,175358,176244,175276
2004-03-05,2004,3,545807,176207,174830,175687,174760
2004-03-06,2004,3,545807,176256,174838,175711,174775
2004-03-07,2004,3,545807,175938,174603,175398,174552
2004-03-08,2004,3,545807,176137,174661,175516,174601
2004-03-09,2004,3,545807,175698,174213,175104,174159
2004-03-10,2004,3,545807,175716,174266,175082,174208
2004-03-11,2004,3,545807,175309,173881,174722,173845
2004-03-12,2004,3,545807,175343,173744,174651,173710
2004-03-13,2004,3,545807,175385,173785,174678,173762
2004-03-14,2004,3,545807,175116,173548,174407,173525
2004-11-15,2005,11,545807,270036,196688,206634,196618
2004-11-16,2005,11,545807,272216,196791,206970,196743
2004-11-17,2005,11,545807,272765,196964,206938,196907
2004-11-18,2005,11,545807,275202,196826,206806,196772
2004-11-19,2005,11,545807,279020,197249,207174,197179
2004-11-20,2005,11,545807,280123,197404,207347,197342
2004-11-21,2005,11,545807,280972,197115,206885,197057
2004-11-22,2005,11,545807,282557,196716,206435,196649
2004-11-23,2005,11,545807,284794,197173,206582,197110
2004-11-24,2005,11,545807,284514,196916,206478,196844
2004-11-25,2005,11,545807,282180,197069,206434,197006
2004-11-26,2005,11,545807,281181,196088,205375,196035
2004-11-27,2005,11,545807,280927,196399,205647,196327
2004-11-28,2005,11,545807,282748,197043,206011,196984
2004-11-29,2005,11,545807,282227,197211,205972,197133
2004-11-30,2005,11,545807,279388,197386,205414,197308
2004-12-01,2005,12,545807,273121,197103,204607,197031
2004-12-02,2005,12,545807,266673,197594,205132,197516
2004-12-03,2005,12,545807,260887,197505,204861,197423
2004-12-04,2005,12,545807,254117,197413,204224,197343
2004-12-05,2005,12,545807,246308,197057,203201,196978
2004-12-06,2005,12,545807,239717,197188,202900,197129
2004-12-07,2005,12,545807,234094,197391,202705,197329
2004-12-08,2005,12,545807,229402,197290,202297,197211
2004-12-09,2005,12,545807,227840,197473,202445,197395
2004-12-10,2005,12,545807,226651,197512,202213,197422
2004-12-11,2005,12,545807,226070,197756,202233,197664
2004-12-12,2005,12,545807,225102,198351,202648,198255
2004-12-13,2005,12,545807,223903,198325,202535,198219
2004-12-14,2005,12,545807,223426,198502,202708,198404
2004-12-15,2005,12,545807,222506,197858,201998,197762
2004-12-16,2005,12,545807,221999,197691,201538,197591
2004-12-17,2005,12,545807,221415,197056,200933,196955
2004-12-18,2005,12,545807,221713,197391,201278,197279
2004-12-19,2005,12,545807,222268,197150,200624,197031
2004-12-20,2005,12,545807,219981,196586,199730,196461
2004-12-21,2005,12,545807,215173,196235,199225,196141
2004-12-22,2005,12,545807,213515,195799,198750,195708
2004-12-23,2005,12,545807,212363,195134,197999,195056
2004-12-24,2005,12,545807,210957,195094,197689,195016
2004-12-25,2005,12,545807,209579,195371,197814,195270
2004-12-26,2005,12,545807,209117,195818,198220,195740
2004-12-27,2005,12,545807,208539,195556,197925,195473
2004-12-28,2005,12,545807,206983,195251,197467,195159
2004-12-29,2005,12,545807,206102,195254,197401,195181
2004-12-30,2005,12,545807,206241,195612,197769,195533
2004-12-31,2005,12,545807,206196,195606,197650,195544
2005-01-01,2005,1,545807,205999,195810,197736,195750
2005-01-02,2005,1,545807,205442,195542,197442,195499
2005-01-03,2005,1,545807,205078,195639,197550,195588
2005-01-04,2005,1,545807,204952,195917,197673,195871
2005-01-05,2005,1,545807,204453,195639,197476,195598
2005-01-06,2005,1,545807,204221,195915,197676,195850
2005-01-07,2005,1,545807,203411,195640,197363,195551
2005-01-08,2005,1,545807,203147,195933,197552,195848
2005-01-09,2005,1,545807,202532,195396,197051,195299
2005-01-10,2005,1,545807,201865,195132,196662,195051
2005-01-11,2005,1,545807,201065,194600,196077,194495
2005-01-12,2005,1,545807,200218,193937,195369,193845
2005-01-13,2005,1,545807,199177,192982,194403,192881
2005-01-14,2005,1,545807,198758,193134,194471,193029
2005-01-15,2005,1,545807,198035,192600,193896,192507
2005-01-16,2005,1,545807,197548,192010,193431,191945
2005-01-17,2005,1,545807,197102,191611,193003,191526
2005-01-18,2005,1,545807,196411,191041,192356,190965
2005-01-19,2005,1,545807,195791,190575,191953,190504
2005-01-20,2005,1,545807,195161,190257,191642,190179
2005-01-21,2005,1,545807,195364,190534,191932,190460
2005-01-22,2005,1,545807,195388,190651,192069,190578
2005-01-23,2005,1,545807,194697,189954,191376,189892
2005-01-24,2005,1,545807,194230,189630,190958,189557
2005-01-25,2005,1,545807,193943,189663,190840,189590
2005-01-26,2005,1,545807,193429,189411,190489,189340
2005-01-27,2005,1,545807,193023,189308,190333,189218
2005-01-28,2005,1,545807,193015,189489,190456,189413
2005-01-29,2005,1,545807,192591,189048,190050,188969
2005-01-30,2005,1,545807,192650,189090,190110,188984
2005-01-31,2005,1,545807,192240,188837,189856,188763
2005-02-01,2005,2,545807,191756,188327,189499,188243
2005-02-02,2005,2,545807,191193,187862,189087,187801
2005-02-03,2005,2,545807,190941,187656,188811,187578
2005-02-04,2005,2,545807,190529,187275,188428,187205
2005-02-05,2005,2,545807,190271,187056,188192,186993
2005-02-06,2005,2,545807,189999,186771,187849,186726
2005-02-07,2005,2,545807,189642,186305,187337,186234
2005-02-08,2005,2,545807,189331,185960,186991,185908
2005-02-09,2005,2,545807,188649,185519,186489,185465
2005-02-10,2005,2,545807,188590,185338,186319,185277
2005-02-11,2005,2,545807,188033,184991,185778,184947
2005-02-12,2005,2,545807,187087,184196,184895,184139
2005-02-13,2005,2,545807,186535,183674,184432,183618
2005-02-14,2005,2,545807,185897,183244,183958,183203
2005-02-15,2005,2,545807,185620,182891,183632,182844
2005-02-16,2005,2,545807,185319,182666,183426,182614
2005-02-17,2005,2,545807,185128,182511,183259,182454
2005-02-18,2005,2,545807,184544,182041,182687,181989
2005-02-19,2005,2,545807,183390,180958,181544,180896
2005-02-20,2005,2,545807,182016,179779,180307,179717
2005-02-21,2005,2,545807,180881,178792,179326,178741
2005-02-22,2005,2,545807,179574,177700,178170,177645
2005-02-23,2005,2,545807,179079,177246,177691,177218
2005-02-24,2005,2,545807,178553,176728,177169,176727
2005-02-25,2005,2,545807,176372,175013,175394,175013
2005-02-26,2005,2,545807,174669,173860,174117,173860
2005-02-27,2005,2,545807,173945,173320,173534,173318
2005-02-28,2005,2,545807,173254,172776,172982,172768
2005-03-01,2005,3,545807,172867,172412,172626,172406
2005-03-02,2005,3,545807,172279,171875,172087,171870
2005-03-03,2005,3,545807,172015,171607,171810,171602
2005-03-04,2005,3,545807,171678,171316,171533,171312
2005-03-05,2005,3,545807,171417,171007,171230,170992
2005-03-06,2005,3,545807,170826,170440,170663,170440
2005-03-07,2005,3,545807,170152,169777,170011,169777
2005-03-08,2005,3,545807,169664,169275,169522,169271
2005-03-09,2005,3,545807,169445,169057,169287,169054
2005-03-10,2005,3,545807,168344,167985,168201,167985
2005-03-11,2005,3,545807,167640,167318,167508,167318
2005-03-12,2005,3,545807,166294,165951,166157,165951
2005-03-13,2005,3,545807,164446,164117,164300,164113
2005-03-14,2005,3,545807,163349,162989,163192,162987
2005-11-15,2006,11,545807,241088,195001,205294,194947
2005-11-16,2006,11,545807,241065,194967,205036,194919
2005-11-17,2006,11,545807,241194,195327,205379,195286
2005-11-18,2006,11,545807,242402,195578,205827,195534
2005-11-19,2006,11,545807,242120,195596,205837,195552
2005-11-20,2006,11,545807,241140,194923,205168,194874
2005-11-21,2006,11,545807,240746,194940,205226,194892
2005-11-22,2006,11,545807,241494,195013,205333,194979
2005-11-23,2006,11,545807,241584,194961,205089,194927
2005-11-24,2006,11,545807,240928,194943,205119,194908
2005-11-25,2006,11,545807,239999,194378,204530,194329
2005-11-26,2006,11,545807,241269,194549,204662,194514
2005-11-27,2006,11,545807,242928,194988,205403,194955
2005-11-28,2006,11,545807,238764,195419,205543,195380
2005-11-29,2006,11,545807,236166,195286,204289,195252
2005-11-30,2006,11,545807,233057,195143,203358,195087
2005-12-01,2006,12,545807,231429,195248,203010,195188
2005-12-02,2006,12,545807,230023,195113,202956,195061
2005-12-03,2006,12,545807,230902,196171,204265,196114
2005-12-04,2006,12,545807,234100,197035,204927,196983
2005-12-05,2006,12,545807,237694,197483,205640,197411
2005-12-06,2006,12,545807,243616,198691,206980,198599
2005-12-07,2006,12,545807,246136,198294,206288,198200
2005-12-08,2006,12,545807,247601,198109,206064,198014
2005-12-09,2006,12,545807,249586,198745,206624,198644
2005-12-10,2006,12,545807,250434,199102,207222,199008
2005-12-11,2006,12,545807,249953,199033,206985,198935
2005-12-12,2006,12,545807,246362,199076,207062,198965
2005-12-13,2006,12,545807,232724,198531,205929,198439
2005-12-14,2006,12,545807,227962,198105,205249,198000
2005-12-15,2006,12,545807,227935,198068,205309,197963
2005-12-16,2006,12,545807,227961,198216,205349,198113
2005-12-17,2006,12,545807,228288,198171,205220,198067
2005-12-18,2006,12,545807,228897,198442,205540,198334
2005-12-19,2006,12,545807,229598,199014,206178,198928
2005-12-20,2006,12,545807,229371,199181,206539,199096
2005-12-21,2006,12,545807,229740,199507,206889,199423
2005-12-22,2006,12,545807,229793,199305,206606,199227
2005-12-23,2006,12,545807,229805,199214,206473,199130
2005-12-24,2006,12,545807,230515,199142,206458,199061
2005-12-25,2006,12,545807,230963,198389,205677,198305
2005-12-26,2006,12,545807,232306,198800,206366,198724
2005-12-27,2006,12,545807,232341,198957,206596,198873
2005-12-28,2006,12,545807,231941,198958,206572,198863
2005-12-29,2006,12,545807,231646,199364,206725,199274
2005-12-30,2006,12,545807,232226,199714,207214,199619
2005-12-31,2006,12,545807,231994,199883,207458,199792
2006-01-01,2006,1,545807,230770,199241,206686,199156
2006-01-02,2006,1,545807,229997,199672,207085,199599
2006-01-03,2006,1,545807,228284,199665,206996,199592
2006-01-04,2006,1,545807,226760,199733,206992,199650
2006-01-05,2006,1,545807,225272,199808,206950,199730
2006-01-06,2006,1,545807,224951,200149,207178,200075
2006-01-07,2006,1,545807,224605,199695,206672,199619
2006-01-08,2006,1,545807,223964,199518,206521,199444
2006-01-09,2006,1,545807,222608,199744,206788,199679
2006-01-10,2006,1,545807,219983,199438,206313,199364
2006-01-11,2006,1,545807,218078,199467,206210,199380
2006-01-12,2006,1,545807,217134,199844,206578,199768
2006-01-13,2006,1,545807,217083,200233,206861,200149
2006-01-14,2006,1,545807,216536,200118,206535,200026
2006-01-15,2006,1,545807,213829,199977,205308,199880
2006-01-16,2006,1,545807,210587,199520,203227,199429
2006-01-17,2006,1,545807,207848,198817,201577,198719
2006-01-18,2006,1,545807,205062,197749,199933,197663
2006-01-19,2006,1,545807,204299,197715,199687,197643
2006-01-20,2006,1,545807,202722,196686,198470,196612
2006-01-21,2006,1,545807,201738,195941,197679,195849
2006-01-22,2006,1,545807,201301,195665,197535,195576
2006-01-23,2006,1,545807,200262,195093,196806,195009
2006-01-24,2006,1,545807,199353,194360,196082,194295
2006-01-25,2006,1,545807,198918,194201,195960,194188
2006-01-26,2006,1,545807,198481,193833,195609,193827
2006-01-27,2006,1,545807,197965,193348,195175,193348
2006-01-28,2006,1,545807,197967,193609,195289,193609
2006-01-29,2006,1,545807,197741,193345,195084,193345
2006-01-30,2006,1,545807,197499,193169,194863,193169
2006-01-31,2006,1,545807,197305,193080,194677,193080
2006-02-01,2006,2,545807,196806,192821,194338,192821
2006-02-02,2006,2,545807,196574,192658,194189,192658
2006-02-03,2006,2,545807,196413,192620,193932,192620
2006-02-04,2006,2,545807,196371,192733,194001,192733
2006-02-05,2006,2,545807,195286,192044,193011,192044
2006-02-06,2006,2,545807,193805,190713,191553,190713
2006-02-07,2006,2,545807,193275,190207,190961,190207
2006-02-08,2006,2,545807,192153,189417,190093,189417
2006-02-09,2006,2,545807,191589,188829,189444,188829
2006-02-10,2006,2,545807,190947,188225,188856,188225
2006-02-11,2006,2,545807,190558,188014,188561,188014
2006-02-12,2006,2,545807,190239,187741,188313,187741
2006-02-13,2006,2,545807,189872,187373,187955,187373
2006-02-14,2006,2,545807,189664,187198,187787,187198
2006-02-15,2006,2,545807,189607,187249,187813,187249
2006-02-16,2006,2,545807,189326,186977,187567,186977
2006-02-17,2006,2,545807,189524,187138,187740,187138
2006-02-18,2006,2,545807,189575,187228,187836,187228
2006-02-19,2006,2,545807,189275,187086,187696,187086
2006-02-20,2006,2,545807,189353,187235,187876,187235
2006-02-21,2006,2,545807,189211,187061,187670,187061
2006-02-22,2006,2,545807,189149,187085,187678,187085
2006-02-23,2006,2,545807,188601,186588,187184,186588
2006-02-24,2006,2,545807,187949,185903,186479,185903
2006-02-25,2006,2,545807,187835,185896,186476,185896
2006-02-26,2006,2,545807,187465,185475,186099,185475
2006-02-27,2006,2,545807,187116,185255,185812,185255
2006-02-28,2006,2,545807,186807,184921,185473,184921
2006-03-01,2006,3,545807,186941,185192,185676,185192
2006-03-02,2006,3,545807,187011,185241,185708,185241
2006-03-03,2006,3,545807,186908,185237,185717,185237
2006-03-04,2006,3,545807,186628,185200,185639,185200
2006-03-05,2006,3,545807,186896,185471,185913,185471
2006-03-06,2006,3,545807,186561,185118,185533,185118
2006-03-07,2006,3,545807,186222,184735,185178,184735
2006-03-08,2006,3,545807,185856,184440,184861,184440
2006-03-09,2006,3,545807,185213,183899,184281,183899
2006-03-10,2006,3,545807,184853,183682,184003,183682
2006-03-11,2006,3,545807,183970,182751,183071,182751
2006-03-12,2006,3,545807,183333,182120,182418,182120
2006-03-13,2006,3,545807,182254,181076,181401,181076
2006-03-14,2006,3,545807,181288,180107,180412,180107
2006-11-15,2007,11,545807,209842,187824,193689,187795
2006-11-16,2007,11,545807,212483,188949,195067,188915
2006-11-17,2007,11,545807,214330,189885,196166,189850
2006-11-18,2007,11,545807,215714,190073,196470,190024
2006-11-19,2007,11,545807,217723,190400,196904,190367
2006-11-20,2007,11,545807,217116,189953,196275,189928
2006-11-21,2007,11,545807,221302,191678,198009,191633
2006-11-22,2007,11,545807,225861,193549,200011,193492
2006-11-23,2007,11,545807,226563,194123,200050,194059
2006-11-24,2007,11,545807,227286,194632,200835,194591
2006-11-25,2007,11,545807,230182,196062,202351,195996
2006-11-26,2007,11,545807,232918,196715,202939,196659
2006-11-27,2007,11,545807,235381,197180,203405,197118
2006-11-28,2007,11,545807,238890,197974,204254,197907
2006-11-29,2007,11,545807,240265,198678,205105,198620
2006-11-30,2007,11,545807,240630,199351,205770,199269
2006-12-01,2007,12,545807,240357,199365,205539,199278
2006-12-02,2007,12,545807,240526,199499,205681,199435
2006-12-03,2007,12,545807,241101,199530,205512,199445
2006-12-04,2007,12,545807,241916,199435,205535,199343
2006-12-05,2007,12,545807,242690,199299,205080,199203
2006-12-06,2007,12,545807,239556,198719,204355,198631
2006-12-07,2007,12,545807,238505,199096,204670,198998
2006-12-08,2007,12,545807,238839,198897,204385,198791
2006-12-09,2007,12,545807,237357,198323,203525,198213
2006-12-10,2007,12,545807,242734,198731,203849,198593
2006-12-11,2007,12,545807,246223,199034,204270,198877
2006-12-12,2007,12,545807,245263,198468,203525,198305
2006-12-13,2007,12,545807,244153,198540,203557,198398
2006-12-14,2007,12,545807,242304,198841,203877,198696
2006-12-15,2007,12,545807,243891,199417,204651,199296
2006-12-16,2007,12,545807,244203,200024,205266,199885
2006-12-17,2007,12,545807,243250,200019,205181,199897
2006-12-18,2007,12,545807,242705,200140,205322,200023
2006-12-19,2007,12,545807,237797,199389,204483,199275
2006-12-20,2007,12,545807,233522,198550,203430,198436
2006-12-21,2007,12,545807,230829,198014,202780,197924
2006-12-22,2007,12,545807,229237,197434,202224,197323
2006-12-23,2007,12,545807,229911,197675,202571,197569
2006-12-24,2007,12,545807,233336,198560,203633,198404
2006-12-25,2007,12,545807,235586,199008,203901,198837
2006-12-26,2007,12,545807,234744,199015,203829,198852
2006-12-27,2007,12,545807,231412,198636,203627,198458
2006-12-28,2007,12,545807,226172,198139,202881,197932
2006-12-29,2007,12,545807,224949,198378,203111,198195
2006-12-30,2007,12,545807,220567,198500,202740,198321
2006-12-31,2007,12,545807,212497,197357,200364,197237
2007-01-01,2007,1,545807,207153,195984,198031,195918
2007-01-02,2007,1,545807,203691,194834,196813,194780
2007-01-03,2007,1,545807,202213,194443,196392,194404
2007-01-04,2007,1,545807,202359,194997,196995,194941
2007-01-05,2007,1,545807,201435,194402,196322,194343
2007-01-06,2007,1,545807,201354,194387,196362,194342
2007-01-07,2007,1,545807,200808,193904,195883,193867
2007-01-08,2007,1,545807,200122,193398,195287,193360
2007-01-09,2007,1,545807,199773,193348,195297,193306
2007-01-10,2007,1,545807,198800,192839,194585,192807
2007-01-11,2007,1,545807,198974,192921,194774,192899
2007-01-12,2007,1,545807,198312,192327,194136,192295
2007-01-13,2007,1,545807,197874,191945,193661,191919
2007-01-14,2007,1,545807,197735,191847,193574,191826
2007-01-15,2007,1,545807,198008,192201,193850,192177
2007-01-16,2007,1,545807,197438,191972,193583,191955
2007-01-17,2007,1,545807,197414,191774,193464,191763
2007-01-18,2007,1,545807,197082,191472,193099,191450
2007-01-19,2007,1,545807,196852,191210,192868,191191
2007-01-20,2007,1,545807,196719,191149,192739,191134
2007-01-21,2007,1,545807,196021,190462,192077,190441
2007-01-22,2007,1,545807,195394,190063,191502,190049
2007-01-23,2007,1,545807,195151,189765,191234,189746
2007-01-24,2007,1,545807,194869,189625,191100,189613
2007-01-25,2007,1,545807,194378,189296,190668,189288
2007-01-26,2007,1,545807,194136,189294,190595,189280
2007-01-27,2007,1,545807,194222,189323,190655,189301
2007-01-28,2007,1,545807,194094,189262,190565,189257
2007-01-29,2007,1,545807,193977,188988,190396,188982
2007-01-30,2007,1,545807,193572,188628,190037,188622
2007-01-31,2007,1,545807,193115,188021,189419,188010
2007-02-01,2007,2,545807,192927,187823,189239,187811
2007-02-02,2007,2,545807,192456,187627,189049,187611
2007-02-03,2007,2,545807,191913,187643,188953,187619
2007-02-04,2007,2,545807,190725,186700,187889,186685
2007-02-05,2007,2,545807,190215,186623,187752,186599
2007-02-06,2007,2,545807,189260,186019,187050,185991
2007-02-07,2007,2,545807,186529,183287,184292,183247
2007-02-08,2007,2,545807,185688,182584,183550,182548
2007-02-09,2007,2,545807,185461,182446,183335,182394
2007-02-10,2007,2,545807,185316,182486,183416,182454
2007-02-11,2007,2,545807,184820,182161,183000,182134
2007-02-12,2007,2,545807,184791,182103,182995,182082
2007-02-13,2007,2,545807,184557,181939,182712,181920
2007-02-14,2007,2,545807,184462,181695,182524,181675
2007-02-15,2007,2,545807,184388,181621,182507,181609
2007-02-16,2007,2,545807,183948,181295,182084,181278
2007-02-17,2007,2,545807,183570,181088,181896,181076
2007-02-18,2007,2,545807,183165,180867,181598,180855
2007-02-19,2007,2,545807,182859,180811,181551,180796
2007-02-20,2007,2,545807,182294,180368,181010,180351
2007-02-21,2007,2,545807,181840,179914,180600,179900
2007-02-22,2007,2,545807,181854,180043,180685,180024
2007-02-23,2007,2,545807,181388,179755,180358,179735
2007-02-24,2007,2,545807,180620,179179,179710,179176
2007-02-25,2007,2,545807,180010,178695,179145,178694
2007-02-26,2007,2,545807,178997,177852,178303,177851
2007-02-27,2007,2,545807,178137,177078,177459,177076
2007-02-28,2007,2,545807,177242,176214,176626,176210
2007-03-01,2007,3,545807,176337,175420,175714,175416
2007-03-02,2007,3,545807,175344,174708,174940,174706
2007-03-03,2007,3,545807,174937,174347,174548,174343
2007-03-04,2007,3,545807,174582,174044,174232,174039
2007-03-05,2007,3,545807,173869,173321,173499,173312
2007-03-06,2007,3,545807,172722,172163,172351,172158
2007-03-07,2007,3,545807,171679,171077,171281,171072
2007-03-08,2007,3,545807,169928,169381,169574,169374
2007-03-09,2007,3,545807,167408,166895,167061,166888
2007-03-10,2007,3,545807,165137,164698,164840,164689
2007-03-11,2007,3,545807,163585,163157,163290,163147
2007-03-12,2007,3,545807,162127,161747,161872,161740
2007-03-13,2007,3,545807,162092,161686,161806,161682
2007-03-14,2007,3,545807,161565,161186,161310,161183
2007-11-15,2008,11,545807,234115,197357,206379,197331
2007-11-16,2008,11,545807,236341,197813,206789,197777
2007-11-17,2008,11,545807,237070,198239,207185,198207
2007-11-18,2008,11,545807,238219,198590,207850,198552
2007-11-19,2008,11,545807,237456,198761,207738,198720
2007-11-20,2008,11,545807,235922,199115,208095,199075
2007-11-21,2008,11,545807,235293,199932,209490,199894
2007-11-22,2008,11,545807,236233,200425,210246,200370
2007-11-23,2008,11,545807,236592,200240,210158,200157
2007-11-24,2008,11,545807,234236,200370,209501,200303
2007-11-25,2008,11,545807,233678,200400,209290,200304
2007-11-26,2008,11,545807,231629,199984,208611,199869
2007-11-27,2008,11,545807,230836,199939,208352,199830
2007-11-28,2008,11,545807,229790,199679,208039,199534
2007-11-29,2008,11,545807,229195,199641,208140,199509
2007-11-30,2008,11,545807,228197,199615,207859,199504
2007-12-01,2008,12,545807,226869,199300,207199,199170
2007-12-02,2008,12,545807,225990,199573,207142,199447
2007-12-03,2008,12,545807,225541,199729,206847,199601
2007-12-04,2008,12,545807,225015,200062,207038,199954
2007-12-05,2008,12,545807,223570,199319,205976,199210
2007-12-06,2008,12,545807,222240,199067,205478,198993
2007-12-07,2008,12,545807,219870,198312,204418,198242
2007-12-08,2008,12,545807,217793,197716,203915,197664
2007-12-09,2008,12,545807,216838,197487,203825,197438
2007-12-10,2008,12,545807,216174,197656,203922,197611
2007-12-11,2008,12,545807,215296,197342,203778,197282
2007-12-12,2008,12,545807,214663,196973,203246,196903
2007-12-13,2008,12,545807,215038,196711,203074,196648
2007-12-14,2008,12,545807,214463,196440,202912,196387
2007-12-15,2008,12,545807,214235,196341,202607,196278
2007-12-16,2008,12,545807,214393,196214,202384,196140
2007-12-17,2008,12,545807,214500,196155,202411,196081
2007-12-18,2008,12,545807,214760,196751,203173,196690
2007-12-19,2008,12,545807,214431,196229,202846,196167
2007-12-20,2008,12,545807,215098,196498,203141,196448
2007-12-21,2008,12,545807,215083,196129,202768,196073
2007-12-22,2008,12,545807,215239,196297,202997,196264
2007-12-23,2008,12,545807,214697,195783,202549,195739
2007-12-24,2008,12,545807,214714,195953,202738,195920
2007-12-25,2008,12,545807,214910,196006,202879,195959
2007-12-26,2008,12,545807,214880,196004,202957,195958
2007-12-27,2008,12,545807,214769,196089,202802,196050
2007-12-28,2008,12,545807,214390,196261,202849,196221
2007-12-29,2008,12,545807,213546,196181,202563,196129
2007-12-30,2008,12,545807,213202,196509,202766,196471
2007-12-31,2008,12,545807,211905,196001,202167,195971
2008-01-01,2008,1,545807,211322,195995,201994,195948
2008-01-02,2008,1,545807,210777,195851,201457,195813
2008-01-03,2008,1,545807,209929,195491,200693,195457
2008-01-04,2008,1,545807,209228,195403,200178,195375
2008-01-05,2008,1,545807,208007,194837,199387,194797
2008-01-06,2008,1,545807,206436,194150,198365,194096
2008-01-07,2008,1,545807,204767,193614,197506,193578
2008-01-08,2008,1,545807,202930,192674,196332,192670
2008-01-09,2008,1,545807,202050,192330,195789,192330
2008-01-10,2008,1,545807,201500,192098,195476,192097
2008-01-11,2008,1,545807,201225,191807,195246,191807
2008-01-12,2008,1,545807,200992,191680,195034,191680
2008-01-13,2008,1,545807,201073,191944,195322,191944
2008-01-14,2008,1,545807,200608,191706,195083,191706
2008-01-15,2008,1,545807,200645,191847,195186,191847
2008-01-16,2008,1,545807,200878,192462,195898,192462
2008-01-17,2008,1,545807,200437,192272,195742,192272
2008-01-18,2008,1,545807,200605,192430,195954,192430
2008-01-19,2008,1,545807,200170,191859,195465,191859
2008-01-20,2008,1,545807,200103,192177,195733,192177
2008-01-21,2008,1,545807,199653,191724,195259,191724
2008-01-22,2008,1,545807,199768,191973,195480,191973
2008-01-23,2008,1,545807,199645,191953,195417,191953
2008-01-24,2008,1,545807,199199,191661,195177,191661
2008-01-25,2008,1,545807,199270,191943,195476,191937
2008-01-26,2008,1,545807,198979,191803,195287,191803
2008-01-27,2008,1,545807,199204,192182,195667,192182
2008-01-28,2008,1,545807,199070,192135,195547,192132
2008-01-29,2008,1,545807,199303,192367,195872,192362
2008-01-30,2008,1,545807,198796,191904,195418,191897
2008-01-31,2008,1,545807,198293,191780,195172,191771
2008-02-01,2008,2,545807,197713,191044,194451,191032
2008-02-02,2008,2,545807,197667,191139,194349,191126
2008-02-03,2008,2,545807,197832,191383,194571,191373
2008-02-04,2008,2,545807,197986,191548,194793,191536
2008-02-05,2008,2,545807,197997,191557,194802,191545
2008-02-06,2008,2,545807,198039,191555,194812,191543
2008-02-07,2008,2,545807,197771,191375,194625,191369
2008-02-08,2008,2,545807,197721,191356,194527,191354
2008-02-09,2008,2,545807,197886,191671,194919,191671
2008-02-10,2008,2,545807,197909,191648,194883,191647
2008-02-11,2008,2,545807,197641,191570,194778,191570
2008-02-12,2008,2,545807,197459,191372,194557,191370
2008-02-13,2008,2,545807,197369,191278,194360,191274
2008-02-14,2008,2,545807,196705,190552,193632,190546
2008-02-15,2008,2,545807,195836,189872,192888,189864
2008-02-16,2008,2,545807,195397,189657,192545,189653
2008-02-17,2008,2,545807,194980,189235,192121,189228
2008-02-18,2008,2,545807,194060,188709,191494,188696
2008-02-19,2008,2,545807,193081,188012,190762,188012
2008-02-20,2008,2,545807,191455,186849,189355,186848
2008-02-21,2008,2,545807,190444,186117,188386,186112
2008-02-22,2008,2,545807,189956,185581,187919,185572
2008-02-23,2008,2,545807,189151,184773,187142,184768
2008-02-24,2008,2,545807,188942,184739,186903,184733
2008-02-25,2008,2,545807,188030,183817,185969,183812
2008-02-26,2008,2,545807,186812,182880,184869,182878
2008-02-27,2008,2,545807,185799,182081,183975,182079
2008-02-28,2008,2,545807,184882,181193,183172,181189
2008-02-29,2008,2,545807,184907,181505,183400,181500
2008-03-01,2008,3,545807,185256,181956,183885,181951
2008-03-02,2008,3,545807,185120,181856,183663,181849
2008-03-03,2008,3,545807,184242,181150,182957,181149
2008-03-04,2008,3,545807,184234,181234,183060,181231
2008-03-05,2008,3,545807,184326,181279,183171,181277
2008-03-06,2008,3,545807,184240,181106,183002,181106
2008-03-07,2008,3,545807,183728,180704,182512,180702
2008-03-08,2008,3,545807,183306,180348,182193,180345
2008-03-09,2008,3,545807,182713,179678,181570,179671
2008-03-10,2008,3,545807,182725,179692,181594,179686
2008-03-11,2008,3,545807,182668,179561,181537,179554
2008-03-12,2008,3,545807,182598,179441,181472,179432
2008-03-13,2008,3,545807,182068,178771,180832,178764
2008-03-14,2008,3,545807,182412,179156,181181,179147
2008-11-15,2009,11,545807,282936,203090,216208,202998
2008-11-16,2009,11,545807,283084,203928,217019,203824
2008-11-17,2009,11,545807,280140,204593,218043,204487
2008-11-18,2009,11,545807,277761,204532,218035,204436
2008-11-19,2009,11,545807,278281,204376,218028,204271
2008-11-20,2009,11,545807,279506,204502,217908,204382
2008-11-21,2009,11,545807,278815,204518,217906,204419
2008-11-22,2009,11,545807,279230,204173,217584,204071
2008-11-23,2009,11,545807,280815,203667,216929,203546
2008-11-24,2009,11,545807,282580,203209,216591,203093
2008-11-25,2009,11,545807,283023,202954,216037,202846
2008-11-26,2009,11,545807,283343,202528,215529,202420
2008-11-27,2009,11,545807,282807,202150,215041,202051
2008-11-28,2009,11,545807,279992,202484,215368,202385
2008-11-29,2009,11,545807,279448,201995,214688,201895
2008-11-30,2009,11,545807,280960,203009,215943,202908
2008-12-01,2009,12,545807,281004,203768,216288,203662
2008-12-02,2009,12,545807,278795,203979,216614,203890
2008-12-03,2009,12,545807,277077,203364,216184,203270
2008-12-04,2009,12,545807,277476,203323,215876,203247
2008-12-05,2009,12,545807,277550,203705,216026,203612
2008-12-06,2009,12,545807,278485,203681,216244,203598
2008-12-07,2009,12,545807,280369,203986,216304,203891
2008-12-08,2009,12,545807,280556,203870,216534,203781
2008-12-09,2009,12,545807,280775,204446,216786,204350
2008-12-10,2009,12,545807,278833,204286,216410,204215
2008-12-11,2009,12,545807,277315,204109,215459,204023
2008-12-12,2009,12,545807,275229,203674,214655,203586
2008-12-13,2009,12,545807,273215,203800,214517,203728
2008-12-14,2009,12,545807,268384,203585,214035,203505
2008-12-15,2009,12,545807,263793,203709,213749,203615
2008-12-16,2009,12,545807,258010,204306,214166,204217
2008-12-17,2009,12,545807,251752,204411,214260,204326
2008-12-18,2009,12,545807,249642,204256,213980,204157
2008-12-19,2009,12,545807,247191,204228,213720,204135
2008-12-20,2009,12,545807,246585,204021,213878,203934
2008-12-21,2009,12,545807,246261,204129,214049,204045
2008-12-22,2009,12,545807,246180,204169,213915,204072
2008-12-23,2009,12,545807,246869,204465,213969,204366
2008-12-24,2009,12,545807,246866,204420,213916,204311
2008-12-25,2009,12,545807,248007,204568,214030,204422
2008-12-26,2009,12,545807,247823,204303,213521,204174
2008-12-27,2009,12,545807,248484,204507,213624,204348
2008-12-28,2009,12,545807,248250,204324,213387,204124
2008-12-29,2009,12,545807,247577,203879,212679,203682
2008-12-30,2009,12,545807,246700,203659,211957,203454
2008-12-31,2009,12,545807,246822,203288,211763,203075
2009-01-01,2009,1,545807,246005,203048,211307,202837
2009-01-02,2009,1,545807,244945,202229,210201,201983
2009-01-03,2009,1,545807,244159,202416,210230,202171
2009-01-04,2009,1,545807,241486,202216,210057,201948
2009-01-05,2009,1,545807,238622,202385,210147,202158
2009-01-06,2009,1,545807,238235,202223,209974,201993
2009-01-07,2009,1,545807,238115,202298,210008,202019
2009-01-08,2009,1,545807,237697,202175,209816,201889
2009-01-09,2009,1,545807,236988,202056,209540,201819
2009-01-10,2009,1,545807,236183,201910,208996,201659
2009-01-11,2009,1,545807,235620,201715,208812,201465
2009-01-12,2009,1,545807,235163,201708,208516,201478
2009-01-13,2009,1,545807,233718,201272,207549,201049
2009-01-14,2009,1,545807,230094,199984,205500,199766
2009-01-15,2009,1,545807,226895,199269,204376,199083
2009-01-16,2009,1,545807,225318,198770,203708,198575
2009-01-17,2009,1,545807,223136,198958,203839,198746
2009-01-18,2009,1,545807,221420,198572,203114,198408
2009-01-19,2009,1,545807,219557,198226,202745,198084
2009-01-20,2009,1,545807,217938,197951,202356,197800
2009-01-21,2009,1,545807,217354,197692,202017,197555
2009-01-22,2009,1,545807,216286,197049,201256,196914
2009-01-23,2009,1,545807,216275,197646,201490,197470
2009-01-24,2009,1,545807,215699,197281,201075,197147
2009-01-25,2009,1,545807,215242,196974,200520,196828
2009-01-26,2009,1,545807,215065,196633,200309,196512
2009-01-27,2009,1,545807,214805,196456,200159,196343
2009-01-28,2009,1,545807,214128,196325,199867,196212
2009-01-29,2009,1,545807,212555,195672,198754,195547
2009-01-30,2009,1,545807,211247,195628,198296,195486
2009-01-31,2009,1,545807,210267,195267,197917,195141
2009-02-01,2009,2,545807,208859,194465,196946,194277
2009-02-02,2009,2,545807,207151,194365,196859,194188
2009-02-03,2009,2,545807,205972,194100,196639,193927
2009-02-04,2009,2,545807,204362,193601,196063,193426
2009-02-05,2009,2,545807,202555,193125,195606,192999
2009-02-06,2009,2,545807,201387,192573,194898,192431
2009-02-07,2009,2,545807,200268,192125,194444,191990
2009-02-08,2009,2,545807,198890,191495,193698,191357
2009-02-09,2009,2,545807,198347,191225,193277,191091
2009-02-10,2009,2,545807,197612,190693,192633,190570
2009-02-11,2009,2,545807,196950,190362,192287,190233
2009-02-12,2009,2,545807,195940,189874,191720,189747
2009-02-13,2009,2,545807,195433,189414,191296,189277
2009-02-14,2009,2,545807,194677,188733,190555,188610
2009-02-15,2009,2,545807,193916,188180,189892,188056
2009-02-16,2009,2,545807,192945,187238,188967,187132
2009-02-17,2009,2,545807,192429,186828,188487,186734
2009-02-18,2009,2,545807,192091,186574,188188,186477
2009-02-19,2009,2,545807,191135,185895,187320,185791
2009-02-20,2009,2,545807,190314,185194,186603,185104
2009-02-21,2009,2,545807,189600,184623,186019,184529
2009-02-22,2009,2,545807,188683,184118,185376,184031
2009-02-23,2009,2,545807,187944,183379,184559,183279
2009-02-24,2009,2,545807,186822,182653,183847,182570
2009-02-25,2009,2,545807,185918,182055,183141,181949
2009-02-26,2009,2,545807,185164,181369,182458,181252
2009-02-27,2009,2,545807,184029,180668,181747,180535
2009-02-28,2009,2,545807,183205,180237,181315,180114
2009-03-01,2009,3,545807,182511,179850,180783,179719
2009-03-02,2009,3,545807,181908,179286,180240,179164
2009-03-03,2009,3,545807,181362,178830,179722,178699
2009-03-04,2009,3,545807,181089,178470,179401,178348
2009-03-05,2009,3,545807,180465,177877,178823,177770
2009-03-06,2009,3,545807,178882,176540,177275,176429
2009-03-07,2009,3,545807,177189,174926,175660,174824
2009-03-08,2009,3,545807,176263,174038,174718,173927
2009-03-09,2009,3,545807,175732,173529,174269,173436
2009-03-10,2009,3,545807,175313,173119,173835,173027
2009-03-11,2009,3,545807,174523,172432,173091,172367
2009-03-12,2009,3,545807,174256,172157,172790,172074
2009-03-13,2009,3,545807,173871,172037,172610,171967
2009-03-14,2009,3,545807,173199,171506,172143,171470
2009-11-15,2010,11,545807,257508,202530,209220,202386
2009-11-16,2010,11,545807,260345,202137,208779,201977
2009-11-17,2010,11,545807,262923,202392,209267,202237
2009-11-18,2010,11,545807,262733,202175,209062,202008
2009-11-19,2010,11,545807,261177,201843,208757,201720
2009-11-20,2010,11,545807,260598,201853,208777,201705
2009-11-21,2010,11,545807,261828,201962,208885,201810
2009-11-22,2010,11,545807,262835,201888,208764,201758
2009-11-23,2010,11,545807,262612,201957,208904,201802
2009-11-24,2010,11,545807,262607,201886,208756,201772
2009-11-25,2010,11,545807,260769,201878,208719,201748
2009-11-26,2010,11,545807,256426,201706,208422,201580
2009-11-27,2010,11,545807,254247,201770,208318,201629
2009-11-28,2010,11,545807,252836,201674,208299,201562
2009-11-29,2010,11,545807,252491,201855,208262,201711
2009-11-30,2010,11,545807,251421,201561,208068,201424
2009-12-01,2010,12,545807,250798,201700,208153,201562
2009-12-02,2010,12,545807,251105,201884,208364,201749
2009-12-03,2010,12,545807,250737,201277,207791,201159
2009-12-04,2010,12,545807,250815,201659,208098,201556
2009-12-05,2010,12,545807,250750,201512,207874,201397
2009-12-06,2010,12,545807,249637,201452,207677,201323
2009-12-07,2010,12,545807,247908,201350,207457,201239
2009-12-08,2010,12,545807,246451,202106,208307,201991
2009-12-09,2010,12,545807,245472,202288,208614,202191
2009-12-10,2010,12,545807,244932,202739,209240,202625
2009-12-11,2010,12,545807,245179,203244,209585,203125
2009-12-12,2010,12,545807,245613,203292,209794,203199
2009-12-13,2010,12,545807,245229,203566,209995,203463
2009-12-14,2010,12,545807,244901,203284,209588,203163
2009-12-15,2010,12,545807,244462,203086,209479,202944
2009-12-16,2010,12,545807,244581,203130,209717,202996
2009-12-17,2010,12,545807,244474,202914,209527,202789
2009-12-18,2010,12,545807,243423,202422,209007,202260
2009-12-19,2010,12,545807,242078,202373,208985,202212
2009-12-20,2010,12,545807,240763,202299,209050,202139
2009-12-21,2010,12,545807,239442,202632,209137,202446
2009-12-22,2010,12,545807,238571,202479,209006,202296
2009-12-23,2010,12,545807,236259,202954,209504,202757
2009-12-24,2010,12,545807,231783,202670,208977,202499
2009-12-25,2010,12,545807,230162,202544,208675,202353
2009-12-26,2010,12,545807,229153,202010,208123,201846
2009-12-27,2010,12,545807,228664,201939,207958,201778
2009-12-28,2010,12,545807,228558,202010,208066,201877
2009-12-29,2010,12,545807,227676,202011,208062,201851
2009-12-30,2010,12,545807,227675,201930,207998,201787
2009-12-31,2010,12,545807,226734,202265,208242,202143
2010-01-01,2010,1,545807,225776,202113,208178,201997
2010-01-02,2010,1,545807,224483,202159,208201,202051
2010-01-03,2010,1,545807,223488,201979,208063,201868
2010-01-04,2010,1,545807,222039,201408,207550,201303
2010-01-05,2010,1,545807,221447,201147,207109,201031
2010-01-06,2010,1,545807,221029,201100,206942,201001
2010-01-07,2010,1,545807,220480,201025,206882,200911
2010-01-08,2010,1,545807,219812,200711,206320,200598
2010-01-09,2010,1,545807,218969,200087,205550,199967
2010-01-10,2010,1,545807,218418,199722,205248,199606
2010-01-11,2010,1,545807,217822,199589,204952,199480
2010-01-12,2010,1,545807,217680,199506,204939,199404
2010-01-13,2010,1,545807,216569,199079,204289,198970
2010-01-14,2010,1,545807,216355,199034,204374,198939
2010-01-15,2010,1,545807,215924,198936,204241,198818
2010-01-16,2010,1,545807,215459,198855,203941,198745
2010-01-17,2010,1,545807,214523,199227,203940,199106
2010-01-18,2010,1,545807,213429,199140,203575,199010
2010-01-19,2010,1,545807,211101,198597,202710,198504
2010-01-20,2010,1,545807,210009,198533,202498,198412
2010-01-21,2010,1,545807,209736,198346,202293,198236
2010-01-22,2010,1,545807,208823,197650,201590,197525
2010-01-23,2010,1,545807,208095,197788,201714,197651
2010-01-24,2010,1,545807,207542,197531,201339,197402
2010-01-25,2010,1,545807,207696,197570,201547,197442
2010-01-26,2010,1,545807,207576,197301,201345,197201
2010-01-27,2010,1,545807,207527,197312,201212,197183
2010-01-28,2010,1,545807,207584,197372,201117,197250
2010-01-29,2010,1,545807,207183,196971,200677,196842
2010-01-30,2010,1,545807,206430,196578,200113,196457
2010-01-31,2010,1,545807,205495,196564,200018,196464
2010-02-01,2010,2,545807,203421,195931,199024,195866
2010-02-02,2010,2,545807,202743,195704,198799,195636
2010-02-03,2010,2,545807,202393,195721,198631,195649
2010-02-04,2010,2,545807,201274,195252,197898,195171
2010-02-05,2010,2,545807,200626,195025,197538,194965
2010-02-06,2010,2,545807,199988,194841,197116,194767
2010-02-07,2010,2,545807,199966,194995,197127,194907
2010-02-08,2010,2,545807,199581,194705,196797,194602
2010-02-09,2010,2,545807,199301,194511,196450,194420
2010-02-10,2010,2,545807,199062,194273,196320,194168
2010-02-11,2010,2,545807,199163,194352,196389,194225
2010-02-12,2010,2,545807,198537,193769,195800,193657
2010-02-13,2010,2,545807,198193,193324,195338,193207
2010-02-14,2010,2,545807,198218,193286,195346,193160
2010-02-15,2010,2,545807,197551,192693,194716,192563
2010-02-16,2010,2,545807,197787,192679,194751,192506
2010-02-17,2010,2,545807,197701,192657,194752,192506
2010-02-18,2010,2,545807,197379,192138,194360,192009
2010-02-19,2010,2,545807,197373,192115,194354,191977
2010-02-20,2010,2,545807,197035,191928,194055,191779
2010-02-21,2010,2,545807,196731,191582,193731,191434
2010-02-22,2010,2,545807,196454,191334,193554,191192
2010-02-23,2010,2,545807,196332,191215,193380,191059
2010-02-24,2010,2,545807,196240,191341,193374,191197
2010-02-25,2010,2,545807,195865,191075,193194,190894
2010-02-26,2010,2,545807,195664,191115,193215,190993
2010-02-27,2010,2,545807,195292,190976,193038,190882
2010-02-28,2010,2,545807,194995,190739,192782,190640
2010-03-01,2010,3,545807,194735,190408,192489,190330
2010-03-02,2010,3,545807,194352,190115,192085,190017
2010-03-03,2010,3,545807,194131,189918,191863,189843
2010-03-04,2010,3,545807,193229,189275,191281,189223
2010-03-05,2010,3,545807,192348,188606,190503,188565
2010-03-06,2010,3,545807,191963,188164,190111,188119
2010-03-07,2010,3,545807,191478,187530,189488,187502
2010-03-08,2010,3,545807,191022,187060,188956,187040
2010-03-09,2010,3,545807,190899,186796,188815,186771
2010-03-10,2010,3,545807,190700,186659,188563,186645
2010-03-11,2010,3,545807,190771,186610,188620,186593
2010-03-12,2010,3,545807,190535,186415,188390,186395
2010-03-13,2010,3,545807,190548,186571,188471,186553
2010-03-14,2010,3,545807,190020,185987,187945,185970
2010-11-15,2011,11,545807,298008,203582,217777,203481
2010-11-16,2011,11,545807,300136,203937,218082,203825
2010-11-17,2011,11,545807,300012,203757,217816,203664
2010-11-18,2011,11,545807,299220,203341,217541,203255
2010-11-19,2011,11,545807,297829,203203,217010,203097
2010-11-20,2011,11,545807,297629,203179,216932,203075
2010-11-21,2011,11,545807,302772,202896,216799,202797
2010-11-22,2011,11,545807,306108,203118,216778,203022
2010-11-23,2011,11,545807,307859,203270,216616,203172
2010-11-24,2011,11,545807,308663,203420,216384,203311
2010-11-25,2011,11,545807,308834,203064,215802,202932
2010-11-26,2011,11,545807,308151,203031,216024,202922
2010-11-27,2011,11,545807,308889,203061,216106,202955
2010-11-28,2011,11,545807,308535,202667,215456,202555
2010-11-29,2011,11,545807,309776,202454,215685,202354
2010-11-30,2011,11,545807,310180,202711,215625,202601
2010-12-01,2011,12,545807,309604,202783,215747,202654
2010-12-02,2011,12,545807,308743,202673,215659,202566
2010-12-03,2011,12,545807,306476,202805,215711,202692
2010-12-04,2011,12,545807,305062,202968,215851,202830
2010-12-05,2011,12,545807,304757,202892,215854,202802
2010-12-06,2011,12,545807,305523,203038,215948,202919
2010-12-07,2011,12,545807,306600,203624,216601,203519
2010-12-08,2011,12,545807,308644,203400,216321,203278
2010-12-09,2011,12,545807,309930,203364,216099,203253
2010-12-10,2011,12,545807,309557,203178,216253,203083
2010-12-11,2011,12,545807,309285,203009,216145,202891
2010-12-12,2011,12,545807,310087,203146,216076,203022
2010-12-13,2011,12,545807,309603,202983,216008,202846
2010-12-14,2011,12,545807,309587,202699,215719,202547
2010-12-15,2011,12,545807,309610,202846,215869,202702
2010-12-16,2011,12,545807,309700,203128,216005,202984
2010-12-17,2011,12,545807,309309,203357,216195,203192
2010-12-18,2011,12,545807,308905,203199,215894,203049
2010-12-19,2011,12,545807,307322,203262,215469,203106
2010-12-20,2011,12,545807,306760,203407,215621,203251
2010-12-21,2011,12,545807,306702,203574,215524,203446
2010-12-22,2011,12,545807,306279,203643,215632,203504
2010-12-23,2011,12,545807,305553,203742,215279,203589
2010-12-24,2011,12,545807,303381,203911,215344,203746
2010-12-25,2011,12,545807,298793,203796,214759,203674
2010-12-26,2011,12,545807,293145,203888,214617,203805
2010-12-27,2011,12,545807,286262,203745,213808,203649
2010-12-28,2011,12,545807,281663,203581,213472,203490
2010-12-29,2011,12,545807,278977,203246,212865,203164
2010-12-30,2011,12,545807,278083,203214,212619,203146
2010-12-31,2011,12,545807,277063,202717,211760,202638
2011-01-01,2011,1,545807,276343,202901,211634,202804
2011-01-02,2011,1,545807,275905,202752,211358,202673
2011-01-03,2011,1,545807,275022,202446,210782,202355
2011-01-04,2011,1,545807,274376,202296,210699,202210
2011-01-05,2011,1,545807,273555,202331,210474,202240
2011-01-06,2011,1,545807,272317,202422,210617,202344
2011-01-07,2011,1,545807,270367,202057,210041,201954
2011-01-08,2011,1,545807,269406,201744,209844,201662
2011-01-09,2011,1,545807,268980,201625,209516,201537
2011-01-10,2011,1,545807,268373,201265,209368,201199
2011-01-11,2011,1,545807,267608,201156,208996,201058
2011-01-12,2011,1,545807,262319,200913,208445,200831
2011-01-13,2011,1,545807,252087,200762,207799,200663
2011-01-14,2011,1,545807,245227,200579,207384,200506
2011-01-15,2011,1,545807,243148,200833,207194,200746
2011-01-16,2011,1,545807,242140,200492,206811,200407
2011-01-17,2011,1,545807,240332,200455,206891,200367
2011-01-18,2011,1,545807,236767,200447,206435,200365
2011-01-19,2011,1,545807,233647,200526,206491,200427
2011-01-20,2011,1,545807,230824,200323,205776,200224
2011-01-21,2011,1,545807,226595,199387,204508,199264
2011-01-22,2011,1,545807,221960,198660,203163,198551
2011-01-23,2011,1,545807,218016,198955,203216,198830
2011-01-24,2011,1,545807,215729,199020,203097,198902
2011-01-25,2011,1,545807,214380,198765,202735,198646
2011-01-26,2011,1,545807,213484,198945,202864,198796
2011-01-27,2011,1,545807,213102,198670,202704,198547
2011-01-28,2011,1,545807,212766,198685,202590,198568
2011-01-29,2011,1,545807,212277,198215,202064,198118
2011-01-30,2011,1,545807,211424,197569,201196,197467
2011-01-31,2011,1,545807,209151,196050,199232,195947
2011-02-01,2011,2,545807,207260,195336,198244,195250
2011-02-02,2011,2,545807,206278,195184,197933,195103
2011-02-03,2011,2,545807,205974,194904,197721,194830
2011-02-04,2011,2,545807,205696,194773,197533,194688
2011-02-05,2011,2,545807,205798,194760,197591,194691
2011-02-06,2011,2,545807,205570,194756,197371,194683
2011-02-07,2011,2,545807,204632,194626,196974,194546
2011-02-08,2011,2,545807,203345,194217,196428,194130
2011-02-09,2011,2,545807,202625,194299,196411,194237
2011-02-10,2011,2,545807,202042,194070,196187,194009
2011-02-11,2011,2,545807,201913,194045,196060,193988
2011-02-12,2011,2,545807,201365,193769,195844,193704
2011-02-13,2011,2,545807,200573,193305,195326,193249
2011-02-14,2011,2,545807,200196,193183,195177,193124
2011-02-15,2011,2,545807,199934,193255,195175,193206
2011-02-16,2011,2,545807,199564,193309,195204,193246
2011-02-17,2011,2,545807,199051,192993,194925,192939
2011-02-18,2011,2,545807,198114,192560,194403,192485
2011-02-19,2011,2,545807,197892,192375,194313,192316
2011-02-20,2011,2,545807,197497,192115,193990,192046
2011-02-21,2011,2,545807,197469,191969,193907,191911
2011-02-22,2011,2,545807,197176,191759,193650,191707
2011-02-23,2011,2,545807,197022,191475,193289,191418
2011-02-24,2011,2,545807,196670,191195,192933,191135
2011-02-25,2011,2,545807,196142,190690,192360,190620
2011-02-26,2011,2,545807,195695,190149,191819,190078
2011-02-27,2011,2,545807,195827,190172,191771,190075
2011-02-28,2011,2,545807,195970,190251,191697,190153
2011-03-01,2011,3,545807,195523,189683,191125,189586
2011-03-02,2011,3,545807,195081,189289,190725,189189
2011-03-03,2011,3,545807,194860,189273,190666,189172
2011-03-04,2011,3,545807,194753,189212,190564,189136
2011-03-05,2011,3,545807,194142,188515,189858,188417
2011-03-06,2011,3,545807,194055,188394,189741,188300
2011-03-07,2011,3,545807,193889,188331,189641,188246
2011-03-08,2011,3,545807,194308,188704,190037,188618
2011-03-09,2011,3,545807,194192,188629,189908,188547
2011-03-10,2011,3,545807,194198,188781,190019,188679
2011-03-11,2011,3,545807,193843,188376,189657,188282
2011-03-12,2011,3,545807,193639,188297,189612,188187
2011-03-13,2011,3,545807,193267,188068,189285,187966
2011-03-14,2011,3,545807,192754,187543,188809,187435
2011-11-15,2012,11,545807,240133,199893,207154,199760
2011-11-16,2012,11,545807,239907,200624,207860,200455
2011-11-17,2012,11,545807,240669,201003,208313,200871
2011-11-18,2012,11,545807,240845,201514,209048,201368
2011-11-19,2012,11,545807,241423,201875,209455,201724
2011-11-20,2012,11,545807,243210,201914,209666,201778
2011-11-21,2012,11,545807,243488,201972,209917,201835
2011-11-22,2012,11,545807,244990,202419,210482,202302
2011-11-23,2012,11,545807,244704,202229,210164,202079
2011-11-24,2012,11,545807,244831,202489,210573,202380
2011-11-25,2012,11,545807,244795,202295,210456,202168
2011-11-26,2012,11,545807,244265,202453,210443,202336
2011-11-27,2012,11,545807,244047,202438,210419,202305
2011-11-28,2012,11,545807,244367,202814,210538,202698
2011-11-29,2012,11,545807,243301,202046,209686,201959
2011-11-30,2012,11,545807,242262,201875,209175,201779
2011-12-01,2012,12,545807,240670,201380,208472,201276
2011-12-02,2012,12,545807,238934,200882,207894,200797
2011-12-03,2012,12,545807,237526,200711,207693,200594
2011-12-04,2012,12,545807,237242,200542,207208,200446
2011-12-05,2012,12,545807,237554,200537,207189,200418
2011-12-06,2012,12,545807,238388,200503,207130,200396
2011-12-07,2012,12,545807,238256,200489,207137,200381
2011-12-08,2012,12,545807,237738,200338,206927,200210
2011-12-09,2012,12,545807,237167,199918,206321,199813
2011-12-10,2012,12,545807,236758,199849,206146,199723
2011-12-11,2012,12,545807,238233,199729,206172,199592
2011-12-12,2012,12,545807,237820,199583,205680,199424
2011-12-13,2012,12,545807,237221,199406,205482,199254
2011-12-14,2012,12,545807,236922,199536,205403,199369
2011-12-15,2012,12,545807,236625,199194,204997,199034
2011-12-16,2012,12,545807,236987,199313,205313,199146
2011-12-17,2012,12,545807,236755,199107,204839,198947
2011-12-18,2012,12,545807,235956,199154,204870,198997
2011-12-19,2012,12,545807,235767,198840,204689,198700
2011-12-20,2012,12,545807,236173,199021,204638,198864
2011-12-21,2012,12,545807,236830,198883,204780,198760
2011-12-22,2012,12,545807,236318,198406,204306,198286
2011-12-23,2012,12,545807,235620,198790,204696,198666
2011-12-24,2012,12,545807,230902,198480,204172,198342
2011-12-25,2012,12,545807,226620,198418,204047,198306
2011-12-26,2012,12,545807,224887,198311,203819,198201
2011-12-27,2012,12,545807,223811,198542,204001,198417
2011-12-28,2012,12,545807,223524,198580,204114,198429
2011-12-29,2012,12,545807,223654,198632,204042,198486
2011-12-30,2012,12,545807,223150,198444,203953,198287
2011-12-31,2012,12,545807,221804,198671,204055,198521
2012-01-01,2012,1,545807,221759,199154,204612,199035
2012-01-02,2012,1,545807,221341,199141,204414,199011
2012-01-03,2012,1,545807,219772,199014,204304,198909
2012-01-04,2012,1,545807,218280,199811,204960,199681
2012-01-05,2012,1,545807,216789,199708,204687,199592
2012-01-06,2012,1,545807,216285,199624,204512,199516
2012-01-07,2012,1,545807,215823,199423,204215,199324
2012-01-08,2012,1,545807,215226,199012,203824,198924
2012-01-09,2012,1,545807,214564,198793,203410,198697
2012-01-10,2012,1,545807,214257,198588,203171,198480
2012-01-11,2012,1,545807,214318,198602,203236,198509
2012-01-12,2012,1,545807,213986,198727,203040,198603
2012-01-13,2012,1,545807,214115,198921,203250,198816
2012-01-14,2012,1,545807,213966,198823,203252,198703
2012-01-15,2012,1,545807,214016,198762,203098,198644
2012-01-16,2012,1,545807,214021,198995,203211,198897
2012-01-17,2012,1,545807,214327,199146,203337,199023
2012-01-18,2012,1,545807,214012,199160,203316,199037
2012-01-19,2012,1,545807,213454,198979,203232,198877
2012-01-20,2012,1,545807,213274,199384,203487,199276
2012-01-21,2012,1,545807,212437,199261,203256,199116
2012-01-22,2012,1,545807,212821,199503,203586,199374
2012-01-23,2012,1,545807,212491,199514,203506,199378
2012-01-24,2012,1,545807,211873,199807,203580,199662
2012-01-25,2012,1,545807,209781,199100,202892,198955
2012-01-26,2012,1,545807,209036,199381,202881,199248
2012-01-27,2012,1,545807,208150,199240,202853,199162
2012-01-28,2012,1,545807,207920,199208,202747,199142
2012-01-29,2012,1,545807,207580,199050,202610,198996
2012-01-30,2012,1,545807,207337,199004,202409,198938
2012-01-31,2012,1,545807,207013,198861,202242,198794
2012-02-01,2012,2,545807,206450,198241,201607,198181
2012-02-02,2012,2,545807,206177,198245,201595,198181
2012-02-03,2012,2,545807,205603,197758,201027,197681
2012-02-04,2012,2,545807,204713,197521,200638,197451
2012-02-05,2012,2,545807,204008,197406,200519,197342
2012-02-06,2012,2,545807,203608,197372,200372,197301
2012-02-07,2012,2,545807,203593,197354,200354,197281
2012-02-08,2012,2,545807,203242,197207,200208,197151
2012-02-09,2012,2,545807,203052,197241,200129,197177
2012-02-10,2012,2,545807,202518,196777,199588,196698
2012-02-11,2012,2,545807,202611,197009,199698,196935
2012-02-12,2012,2,545807,202087,196636,199283,196566
2012-02-13,2012,2,545807,201223,196315,198874,196257
2012-02-14,2012,2,545807,200398,195863,198351,195790
2012-02-15,2012,2,545807,199287,195110,197433,195051
2012-02-16,2012,2,545807,198448,194432,196719,194363
2012-02-17,2012,2,545807,198242,194356,196574,194294
2012-02-18,2012,2,545807,197919,194137,196319,194074
2012-02-19,2012,2,545807,197770,194238,196278,194168
2012-02-20,2012,2,545807,197193,193862,195707,193796
2012-02-21,2012,2,545807,196688,193361,195260,193296
2012-02-22,2012,2,545807,196596,193170,195078,193095
2012-02-23,2012,2,545807,196179,192655,194596,192598
2012-02-24,2012,2,545807,195387,191838,193679,191789
2012-02-25,2012,2,545807,195361,191812,193665,191758
2012-02-26,2012,2,545807,195034,191414,193209,191353
2012-02-27,2012,2,545807,194290,190786,192532,190729
2012-02-28,2012,2,545807,194004,190601,192294,190557
2012-02-29,2012,2,545807,193245,189986,191673,189943
2012-03-01,2012,3,545807,192272,189296,190958,189247
2012-03-02,2012,3,545807,191534,188933,190530,188900
2012-03-03,2012,3,545807,190676,188450,189940,188428
2012-03-04,2012,3,545807,190053,187985,189396,187969
2012-03-05,2012,3,545807,189873,187720,189209,187711
2012-03-06,2012,3,545807,189463,187436,188837,187422
2012-03-07,2012,3,545807,189193,187234,188602,187216
2012-03-08,2012,3,545807,188782,186917,188251,186907
2012-03-09,2012,3,545807,188632,186783,188161,186779
2012-03-10,2012,3,545807,188720,187021,188329,187014
2012-03-11,2012,3,545807,188571,186957,188227,186954
2012-03-12,2012,3,545807,188465,186838,188059,186832
2012-03-13,2012,3,545807,188037,186449,187706,186442
2012-03-14,2012,3,545807,187879,186298,187547,186289
2012-11-15,2013,11,545807,231525,192216,197070,192146
2012-11-16,2013,11,545807,232775,192307,197122,192213
2012-11-17,2013,11,545807,232646,192642,197523,192553
2012-11-18,2013,11,545807,232906,192623,197416,192545
2012-11-19,2013,11,545807,232360,192421,197148,192337
2012-11-20,2013,11,545807,231808,192422,197115,192328
2012-11-21,2013,11,545807,230863,191907,196587,191821
2012-11-22,2013,11,545807,230327,191456,196096,191370
2012-11-23,2013,11,545807,229759,191593,196049,191480
2012-11-24,2013,11,545807,229063,190920,195448,190829
2012-11-25,2013,11,545807,228818,191079,195524,190968
2012-11-26,2013,11,545807,228882,191235,195647,191123
2012-11-27,2013,11,545807,229501,191098,195594,190989
2012-11-28,2013,11,545807,229598,191090,195537,190945
2012-11-29,2013,11,545807,230571,190777,195186,190660
2012-11-30,2013,11,545807,231603,190376,194800,190262
2012-12-01,2013,12,545807,231796,190479,194767,190351
2012-12-02,2013,12,545807,230614,190279,194657,190150
2012-12-03,2013,12,545807,231099,190198,194438,190042
2012-12-04,2013,12,545807,232992,190487,194809,190349
2012-12-05,2013,12,545807,231123,190130,194389,189996
2012-12-06,2013,12,545807,228181,189949,194175,189808
2012-12-07,2013,12,545807,224604,189504,193736,189380
2012-12-08,2013,12,545807,223904,189356,193589,189249
2012-12-09,2013,12,545807,227219,189059,193359,188928
2012-12-10,2013,12,545807,229288,189006,193254,188859
2012-12-11,2013,12,545807,231125,189114,193311,188986
2012-12-12,2013,12,545807,232320,189327,193709,189197
2012-12-13,2013,12,545807,232084,188913,193476,188802
2012-12-14,2013,12,545807,232899,188914,193418,188788
2012-12-15,2013,12,545807,235678,188773,193498,188666
2012-12-16,2013,12,545807,239218,189528,194494,189413
2012-12-17,2013,12,545807,240746,189328,194292,189221
2012-12-18,2013,12,545807,242228,189736,194745,189615
2012-12-19,2013,12,545807,244778,189994,195135,189897
2012-12-20,2013,12,545807,245350,190781,196037,190682
2012-12-21,2013,12,545807,241666,190990,196124,190877
2012-12-22,2013,12,545807,241872,190809,196143,190704
2012-12-23,2013,12,545807,243228,190978,196391,190876
2012-12-24,2013,12,545807,246266,191155,196631,191015
2012-12-25,2013,12,545807,246249,190802,196533,190696
2012-12-26,2013,12,545807,244151,190694,196291,190596
2012-12-27,2013,12,545807,243032,191171,196681,191054
2012-12-28,2013,12,545807,244102,191555,197207,191439
2012-12-29,2013,12,545807,246639,192461,198022,192338
2012-12-30,2013,12,545807,253078,192932,198775,192772
2012-12-31,2013,12,545807,253189,192833,198588,192652
2013-01-01,2013,1,545807,253004,192606,198565,192414
2013-01-02,2013,1,545807,250996,192361,198177,192141
2013-01-03,2013,1,545807,249644,192158,198045,191946
2013-01-04,2013,1,545807,249443,192022,197839,191792
2013-01-05,2013,1,545807,248835,191881,197480,191654
2013-01-06,2013,1,545807,247784,191366,196946,191155
2013-01-07,2013,1,545807,244676,191538,196818,191274
2013-01-08,2013,1,545807,243136,191458,196573,191217
2013-01-09,2013,1,545807,242951,191976,197119,191712
2013-01-10,2013,1,545807,243349,192345,197472,192116
2013-01-11,2013,1,545807,243125,192688,197745,192415
2013-01-12,2013,1,545807,243081,192927,198057,192673
2013-01-13,2013,1,545807,242347,193180,198159,192909
2013-01-14,2013,1,545807,239164,192541,197251,192310
2013-01-15,2013,1,545807,234227,192571,196951,192304
2013-01-16,2013,1,545807,219837,192139,195609,191842
2013-01-17,2013,1,545807,209033,191622,194643,191418
2013-01-18,2013,1,545807,205975,190902,193800,190723
2013-01-19,2013,1,545807,205189,190659,193441,190505
2013-01-20,2013,1,545807,204260,190198,192952,190041
2013-01-21,2013,1,545807,203858,190407,193303,190265
2013-01-22,2013,1,545807,203654,190444,193296,190331
2013-01-23,2013,1,545807,203614,190415,193190,190296
2013-01-24,2013,1,545807,204040,190736,193689,190609
2013-01-25,2013,1,545807,204119,190962,193716,190872
2013-01-26,2013,1,545807,204098,191074,193905,191001
2013-01-27,2013,1,545807,204200,191098,193941,191032
2013-01-28,2013,1,545807,204037,191055,193813,191006
2013-01-29,2013,1,545807,203727,190653,193352,190590
2013-01-30,2013,1,545807,203446,190615,193274,190561
2013-01-31,2013,1,545807,202995,190206,192793,190151
2013-02-01,2013,2,545807,203048,190201,192778,190132
2013-02-02,2013,2,545807,202826,190063,192570,189969
2013-02-03,2013,2,545807,203131,190180,192737,190074
2013-02-04,2013,2,545807,203029,190154,192668,190062
2013-02-05,2013,2,545807,202831,190033,192571,189927
2013-02-06,2013,2,545807,202774,190310,192825,190213
2013-02-07,2013,2,545807,202395,190082,192560,189977
2013-02-08,2013,2,545807,201366,190073,192511,189968
2013-02-09,2013,2,545807,199295,189666,192027,189586
2013-02-10,2013,2,545807,198033,189522,191894,189489
2013-02-11,2013,2,545807,196692,188906,191171,188879
2013-02-12,2013,2,545807,196728,189132,191334,189110
2013-02-13,2013,2,545807,196404,188980,191282,188955
2013-02-14,2013,2,545807,196229,188870,191170,188834
2013-02-15,2013,2,545807,196238,188617,191060,188578
2013-02-16,2013,2,545807,196285,188848,191126,188808
2013-02-17,2013,2,545807,195901,188840,191034,188805
2013-02-18,2013,2,545807,195317,188340,190492,188285
2013-02-19,2013,2,545807,195225,188335,190398,188281
2013-02-20,2013,2,545807,194919,188324,190272,188264
2013-02-21,2013,2,545807,194680,188148,190176,188083
2013-02-22,2013,2,545807,194224,187996,189977,187945
2013-02-23,2013,2,545807,194234,188181,190088,188100
2013-02-24,2013,2,545807,193953,188087,190018,187992
2013-02-25,2013,2,545807,194204,188514,190291,188404
2013-02-26,2013,2,545807,194269,188536,190318,188434
2013-02-27,2013,2,545807,193974,188160,189926,188056
2013-02-28,2013,2,545807,193565,187852,189559,187751
2013-03-01,2013,3,545807,193197,187760,189320,187683
2013-03-02,2013,3,545807,193118,187762,189255,187683
2013-03-03,2013,3,545807,192438,187491,188763,187427
2013-03-04,2013,3,545807,191820,187050,188247,186975
2013-03-05,2013,3,545807,190910,186723,187825,186674
2013-03-06,2013,3,545807,190385,186286,187445,186243
2013-03-07,2013,3,545807,189729,186385,187320,186334
2013-03-08,2013,3,545807,189209,186086,186952,186029
2013-03-09,2013,3,545807,189103,186056,186882,186003
2013-03-10,2013,3,545807,189183,186110,186964,186051
2013-03-11,2013,3,545807,189276,186213,187038,186168
2013-03-12,2013,3,545807,189550,186481,187221,186434
2013-03-13,2013,3,545807,189102,186060,186809,186003
2013-03-14,2013,3,545807,188658,185594,186352,185540
2013-11-15,2014,11,545807,223200,195179,200852,195111
2013-11-16,2014,11,545807,222768,195570,201077,195513
2013-11-17,2014,11,545807,221626,195248,200869,195173
2013-11-18,2014,11,545807,221247,195054,200550,194993
2013-11-19,2014,11,545807,221707,195803,201285,195703
2013-11-20,2014,11,545807,221105,195743,201114,195633
2013-11-21,2014,11,545807,220635,195744,201124,195641
2013-11-22,2014,11,545807,220129,196046,201381,195968
2013-11-23,2014,11,545807,219484,196323,201715,196218
2013-11-24,2014,11,545807,220578,197439,202775,197319
2013-11-25,2014,11,545807,221098,197555,202933,197431
2013-11-26,2014,11,545807,221411,197514,203009,197404
2013-11-27,2014,11,545807,221150,197621,203202,197503
2013-11-28,2014,11,545807,219898,196585,202196,196474
2013-11-29,2014,11,545807,219107,196365,201725,196240
2013-11-30,2014,11,545807,218538,195879,201271,195764
2013-12-01,2014,12,545807,220295,197070,202559,196967
2013-12-02,2014,12,545807,219445,197126,202514,197027
2013-12-03,2014,12,545807,217633,197353,202818,197266
2013-12-04,2014,12,545807,216771,197538,202924,197427
2013-12-05,2014,12,545807,216835,197646,203305,197518
2013-12-06,2014,12,545807,216273,197379,202993,197304
2013-12-07,2014,12,545807,216134,197293,202888,197231
2013-12-08,2014,12,545807,215988,197391,203026,197327
2013-12-09,2014,12,545807,215901,197599,203287,197547
2013-12-10,2014,12,545807,215739,197733,203351,197677
2013-12-11,2014,12,545807,215779,197875,203624,197819
2013-12-12,2014,12,545807,215949,198237,203884,198193
2013-12-13,2014,12,545807,216088,198331,204128,198302
2013-12-14,2014,12,545807,215821,198773,204524,198750
2013-12-15,2014,12,545807,215833,199136,204867,199112
2013-12-16,2014,12,545807,216399,199695,205607,199671
2013-12-17,2014,12,545807,216002,200017,205784,199998
2013-12-18,2014,12,545807,216180,200775,206507,200743
2013-12-19,2014,12,545807,216321,200864,206600,200840
2013-12-20,2014,12,545807,216737,201396,207190,201372
2013-12-21,2014,12,545807,216674,201395,207105,201369
2013-12-22,2014,12,545807,217553,202014,207739,201991
2013-12-23,2014,12,545807,218356,202442,208356,202415
2013-12-24,2014,12,545807,219849,203682,209544,203646
2013-12-25,2014,12,545807,221107,204533,210340,204506
2013-12-26,2014,12,545807,222384,205592,211382,205560
2013-12-27,2014,12,545807,222499,205737,211644,205717
2013-12-28,2014,12,545807,222613,205624,211552,205593
2013-12-29,2014,12,545807,222499,205307,211383,205285
2013-12-30,2014,12,545807,222922,205976,211911,205953
2013-12-31,2014,12,545807,222660,205610,211633,205582
2014-01-01,2014,1,545807,222606,205627,211651,205585
2014-01-02,2014,1,545807,222803,205772,211766,205747
2014-01-03,2014,1,545807,222302,205716,211474,205676
2014-01-04,2014,1,545807,222030,206069,212012,206032
2014-01-05,2014,1,545807,220529,206612,212298,206570
2014-01-06,2014,1,545807,219793,206917,212648,206874
2014-01-07,2014,1,545807,220306,207374,213080,207338
2014-01-08,2014,1,545807,220554,207473,213230,207440
2014-01-09,2014,1,545807,220507,207634,213231,207600
2014-01-10,2014,1,545807,220224,207501,213119,207463
2014-01-11,2014,1,545807,220180,207364,213009,207332
2014-01-12,2014,1,545807,219657,207470,212957,207448
2014-01-13,2014,1,545807,219201,207514,213097,207489
2014-01-14,2014,1,545807,218795,207548,213032,207529
2014-01-15,2014,1,545807,218502,207545,213035,207525
2014-01-16,2014,1,545807,218139,207578,212777,207554
2014-01-17,2014,1,545807,218985,208016,213521,207993
2014-01-18,2014,1,545807,218820,208017,213358,208000
2014-01-19,2014,1,545807,218605,207869,213160,207851
2014-01-20,2014,1,545807,218578,207655,213014,207629
2014-01-21,2014,1,545807,218172,207869,212937,207851
2014-01-22,2014,1,545807,217178,207595,212237,207575
2014-01-23,2014,1,545807,217054,207646,212313,207610
2014-01-24,2014,1,545807,216680,207524,212191,207496
2014-01-25,2014,1,545807,216246,207421,211986,207388
2014-01-26,2014,1,545807,216245,207230,211872,207197
2014-01-27,2014,1,545807,215795,206899,211291,206866
2014-01-28,2014,1,545807,215400,206475,210872,206444
2014-01-29,2014,1,545807,214772,206158,210347,206124
2014-01-30,2014,1,545807,214721,206042,210306,206014
2014-01-31,2014,1,545807,213814,205802,209842,205783
2014-02-01,2014,2,545807,213142,205260,209160,205244
2014-02-02,2014,2,545807,212897,205132,209007,205110
2014-02-03,2014,2,545807,213128,205175,209167,205140
2014-02-04,2014,2,545807,212679,204812,208717,204792
2014-02-05,2014,2,545807,211562,204061,207830,204036
2014-02-06,2014,2,545807,210889,203795,207423,203769
2014-02-07,2014,2,545807,209269,203057,206615,203037
2014-02-08,2014,2,545807,205948,201709,204045,201700
2014-02-09,2014,2,545807,204252,200565,202571,200565
2014-02-10,2014,2,545807,203028,199628,201508,199628
2014-02-11,2014,2,545807,202237,198957,200670,198957
2014-02-12,2014,2,545807,201385,198097,199779,198097
2014-02-13,2014,2,545807,200609,197437,198995,197437
2014-02-14,2014,2,545807,199423,196497,197808,196497
2014-02-15,2014,2,545807,198141,195422,196561,195422
2014-02-16,2014,2,545807,196861,194243,195277,194243
2014-02-17,2014,2,545807,196245,193600,194565,193600
2014-02-18,2014,2,545807,194712,192108,193057,192108
2014-02-19,2014,2,545807,194223,191585,192530,191585
2014-02-20,2014,2,545807,193825,191077,192003,191077
2014-02-21,2014,2,545807,193995,191267,192197,191267
2014-02-22,2014,2,545807,193700,190993,191890,190993
2014-02-23,2014,2,545807,193526,190760,191707,190760
2014-02-24,2014,2,545807,192760,190018,190999,190018
2014-02-25,2014,2,545807,192197,189437,190359,189437
2014-02-26,2014,2,545807,191760,189116,190092,189116
2014-02-27,2014,2,545807,190380,187909,188847,187909
2014-02-28,2014,2,545807,189779,187537,188430,187537
2014-03-01,2014,3,545807,189556,187326,188223,187326
2014-03-02,2014,3,545807,188882,186872,187740,186872
2014-03-03,2014,3,545807,188195,186390,187268,186390
2014-03-04,2014,3,545807,187803,186120,186929,186120
2014-03-05,2014,3,545807,187005,185323,186107,185323
2014-03-06,2014,3,545807,186631,184970,185796,184970
2014-03-07,2014,3,545807,186227,184585,185362,184585
2014-03-08,2014,3,545807,185642,184000,184762,184000
2014-03-09,2014,3,545807,184908,183300,184098,183300
2014-03-10,2014,3,545807,184597,183040,183812,183040
2014-03-11,2014,3,545807,183557,181984,182778,181984
2014-03-12,2014,3,545807,183430,181828,182622,181828
2014-03-13,2014,3,545807,183283,181657,182440,181657
2014-03-14,2014,3,545807,183228,181628,182443,181628
2014-11-15,2015,11,545807,222299,193178,201395,193122
2014-11-16,2015,11,545807,222412,193534,201650,193467
2014-11-17,2015,11,545807,222406,193854,201835,193796
2014-11-18,2015,11,545807,221763,193817,201574,193742
2014-11-19,2015,11,545807,221697,194381,202207,194320
2014-11-20,2015,11,545807,221133,194528,202154,194441
2014-11-21,2015,11,545807,219719,194311,201607,194253
2014-11-22,2015,11,545807,219239,194603,201923,194529
2014-11-23,2015,11,545807,220578,195867,203270,195773
2014-11-24,2015,11,545807,222045,197053,204223,196960
2014-11-25,2015,11,545807,221804,197014,204250,196923
2014-11-26,2015,11,545807,221295,197050,204148,196959
2014-11-27,2015,11,545807,220697,196831,203999,196736
2014-11-28,2015,11,545807,219940,196728,203593,196645
2014-11-29,2015,11,545807,219371,196334,203180,196256
2014-11-30,2015,11,545807,218651,196550,202848,196452
2014-12-01,2015,12,545807,218752,196381,202393,196270
2014-12-02,2015,12,545807,219515,196712,202739,196609
2014-12-03,2015,12,545807,220037,197248,202558,197142
2014-12-04,2015,12,545807,219563,197050,202228,196967
2014-12-05,2015,12,545807,218177,196966,202142,196872
2014-12-06,2015,12,545807,217622,197292,202317,197219
2014-12-07,2015,12,545807,218862,197848,202884,197731
2014-12-08,2015,12,545807,220845,198626,203747,198515
2014-12-09,2015,12,545807,222228,199252,204456,199143
2014-12-10,2015,12,545807,222964,199686,204906,199533
2014-12-11,2015,12,545807,222397,199543,204603,199400
2014-12-12,2015,12,545807,222318,199361,204500,199205
2014-12-13,2015,12,545807,221806,199287,204345,199131
2014-12-14,2015,12,545807,221389,199056,204109,198905
2014-12-15,2015,12,545807,221514,199002,204044,198843
2014-12-16,2015,12,545807,221422,198916,203945,198758
2014-12-17,2015,12,545807,220926,198985,203803,198839
2014-12-18,2015,12,545807,220563,198987,203579,198840
2014-12-19,2015,12,545807,219234,198763,203036,198593
2014-12-20,2015,12,545807,218526,199228,203173,199057
2014-12-21,2015,12,545807,217077,198864,202267,198718
2014-12-22,2015,12,545807,213639,198024,200419,197867
2014-12-23,2015,12,545807,208971,197627,199725,197477
2014-12-24,2015,12,545807,208197,197743,199888,197610
2014-12-25,2015,12,545807,207724,197394,199532,197260
2014-12-26,2015,12,545807,207636,197395,199502,197251
2014-12-27,2015,12,545807,207600,197175,199380,197080
2014-12-28,2015,12,545807,207521,196974,199157,196844
2014-12-29,2015,12,545807,207615,197035,199196,196904
2014-12-30,2015,12,545807,207633,196897,199175,196774
2014-12-31,2015,12,545807,208605,197700,199971,197546
2015-01-01,2015,1,545807,208424,197381,199719,197245
2015-01-02,2015,1,545807,208048,197058,199424,196899
2015-01-03,2015,1,545807,208225,197206,199447,197030
2015-01-04,2015,1,545807,208074,197086,199375,196911
2015-01-05,2015,1,545807,207878,196974,199284,196789
2015-01-06,2015,1,545807,207969,196815,199132,196629
2015-01-07,2015,1,545807,208769,197243,199734,197014
2015-01-08,2015,1,545807,208764,197494,199842,197273
2015-01-09,2015,1,545807,208971,197674,200085,197435
2015-01-10,2015,1,545807,208921,197708,200064,197466
2015-01-11,2015,1,545807,209151,198124,200491,197867
2015-01-12,2015,1,545807,208102,197943,200349,197685
2015-01-13,2015,1,545807,206701,197432,199863,197154
2015-01-14,2015,1,545807,206206,197328,199642,197002
2015-01-15,2015,1,545807,205619,197162,199522,196877
2015-01-16,2015,1,545807,205404,196955,199322,196634
2015-01-17,2015,1,545807,204957,197047,199396,196735
2015-01-18,2015,1,545807,204678,196874,199101,196569
2015-01-19,2015,1,545807,204199,196583,198761,196226
2015-01-20,2015,1,545807,203077,195836,197854,195530
2015-01-21,2015,1,545807,202039,195284,197194,194974
2015-01-22,2015,1,545807,201256,195017,197021,194753
2015-01-23,2015,1,545807,200835,194767,196745,194491
2015-01-24,2015,1,545807,200717,194631,196689,194373
2015-01-25,2015,1,545807,200457,194531,196726,194314
2015-01-26,2015,1,545807,200212,194525,196706,194315
2015-01-27,2015,1,545807,200042,194410,196557,194207
2015-01-28,2015,1,545807,199809,194239,196467,194019
2015-01-29,2015,1,545807,199472,193830,196036,193621
2015-01-30,2015,1,545807,199072,193683,195882,193453
2015-01-31,2015,1,545807,198791,193312,195543,193080
2015-02-01,2015,2,545807,198503,193114,195373,192921
2015-02-02,2015,2,545807,198254,192937,195083,192741
2015-02-03,2015,2,545807,198224,192734,194928,192568
2015-02-04,2015,2,545807,197420,192069,194158,191938
2015-02-05,2015,2,545807,196741,191652,193605,191522
2015-02-06,2015,2,545807,196519,191650,193553,191533
2015-02-07,2015,2,545807,195816,190948,192827,190820
2015-02-08,2015,2,545807,195370,190630,192432,190510
2015-02-09,2015,2,545807,194729,190410,192213,190311
2015-02-10,2015,2,545807,193840,189880,191702,189767
2015-02-11,2015,2,545807,193544,189973,191570,189856
2015-02-12,2015,2,545807,193526,189723,191502,189601
2015-02-13,2015,2,545807,193568,189891,191595,189791
2015-02-14,2015,2,545807,193481,189710,191409,189608
2015-02-15,2015,2,545807,193586,189845,191531,189759
2015-02-16,2015,2,545807,193116,189376,190977,189274
2015-02-17,2015,2,545807,192613,188764,190457,188677
2015-02-18,2015,2,545807,192271,188524,190149,188451
2015-02-19,2015,2,545807,191832,187828,189521,187763
2015-02-20,2015,2,545807,191379,187470,189040,187417
2015-02-21,2015,2,545807,190586,187252,188635,187212
2015-02-22,2015,2,545807,190182,186982,188350,186940
2015-02-23,2015,2,545807,189675,186484,187937,186438
2015-02-24,2015,2,545807,189581,186534,188000,186495
2015-02-25,2015,2,545807,189269,186403,187788,186354
2015-02-26,2015,2,545807,189659,186704,188140,186664
2015-02-27,2015,2,545807,189550,186558,188040,186514
2015-02-28,2015,2,545807,189327,186193,187649,186133
2015-03-01,2015,3,545807,189375,186225,187676,186163
2015-03-02,2015,3,545807,189597,186270,187780,186212
2015-03-03,2015,3,545807,189077,185763,187228,185718
2015-03-04,2015,3,545807,189043,185634,187065,185594
2015-03-05,2015,3,545807,188420,184946,186429,184923
2015-03-06,2015,3,545807,188317,184725,186212,184705
2015-03-07,2015,3,545807,188284,184697,186091,184674
2015-03-08,2015,3,545807,187878,184530,185825,184500
2015-03-09,2015,3,545807,187823,184378,185762,184360
2015-03-10,2015,3,545807,187777,184301,185689,184283
2015-03-11,2015,3,545807,187645,184157,185523,184137
2015-03-12,2015,3,545807,187472,184039,185436,184009
2015-03-13,2015,3,545807,187015,183700,185050,183681
2015-03-14,2015,3,545807,186776,183512,184772,183493
2015-11-15,2016,11,545807,209269,189833,194338,189785
2015-11-16,2016,11,545807,206988,188982,193241,188946
2015-11-17,2016,11,545807,205869,188959,192948,188915
2015-11-18,2016,11,545807,205441,188415,192270,188367
2015-11-19,2016,11,545807,204990,188118,191940,188090
2015-11-20,2016,11,545807,204070,188113,191987,188072
2015-11-21,2016,11,545807,203619,187601,191392,187574
2015-11-22,2016,11,545807,203514,187417,191154,187396
2015-11-23,2016,11,545807,203521,187885,191404,187871
2015-11-24,2016,11,545807,203955,188743,192238,188725
2015-11-25,2016,11,545807,203058,189087,192339,189079
2015-11-26,2016,11,545807,203440,189709,193076,189696
2015-11-27,2016,11,545807,203441,189869,193199,189856
2015-11-28,2016,11,545807,204388,190337,193670,190302
2015-11-29,2016,11,545807,205770,191475,194936,191436
2015-11-30,2016,11,545807,205680,191487,194942,191442
2015-12-01,2016,12,545807,204492,191106,194428,191069
2015-12-02,2016,12,545807,203618,190767,193994,190719
2015-12-03,2016,12,545807,202725,190076,193258,190045
2015-12-04,2016,12,545807,201435,189626,192696,189595
2015-12-05,2016,12,545807,201006,189302,192319,189270
2015-12-06,2016,12,545807,200851,189327,192370,189291
2015-12-07,2016,12,545807,200004,188792,191708,188754
2015-12-08,2016,12,545807,199538,188772,191699,188734
2015-12-09,2016,12,545807,199561,188918,191793,188882
2015-12-10,2016,12,545807,198895,188724,191574,188687
2015-12-11,2016,12,545807,197970,188396,191212,188361
2015-12-12,2016,12,545807,197020,188165,190893,188128
2015-12-13,2016,12,545807,196532,188373,191025,188331
2015-12-14,2016,12,545807,197070,188623,191390,188575
2015-12-15,2016,12,545807,197642,189100,191898,189056
2015-12-16,2016,12,545807,197411,189019,191740,188971
2015-12-17,2016,12,545807,197178,189128,191734,189089
2015-12-18,2016,12,545807,197349,189182,192006,189127
2015-12-19,2016,12,545807,197495,189438,192241,189382
2015-12-20,2016,12,545807,197645,189630,192388,189580
2015-12-21,2016,12,545807,197648,189759,192598,189693
2015-12-22,2016,12,545807,197376,189535,192248,189444
2015-12-23,2016,12,545807,197164,189303,192044,189219
2015-12-24,2016,12,545807,196678,189024,191488,188937
2015-12-25,2016,12,545807,196120,188890,191038,188807
2015-12-26,2016,12,545807,195352,188368,190496,188261
2015-12-27,2016,12,545807,194428,188199,190071,188118
2015-12-28,2016,12,545807,192873,187152,188936,187099
2015-12-29,2016,12,545807,191332,186007,187729,185995
2015-12-30,2016,12,545807,190059,185430,186957,185427
2015-12-31,2016,12,545807,189086,184940,186350,184940
2016-01-01,2016,1,545807,188790,184899,186247,184899
2016-01-02,2016,1,545807,188371,184771,185948,184771
2016-01-03,2016,1,545807,188208,184768,185971,184768
2016-01-04,2016,1,545807,187341,183862,184996,183862
2016-01-05,2016,1,545807,186013,183022,184127,183022
2016-01-06,2016,1,545807,185744,182551,183773,182551
2016-01-07,2016,1,545807,185916,182838,184067,182838
2016-01-08,2016,1,545807,185877,182854,184098,182854
2016-01-09,2016,1,545807,185989,182863,184147,182859
2016-01-10,2016,1,545807,185934,182833,184099,182826
2016-01-11,2016,1,545807,185982,182888,184169,182875
2016-01-12,2016,1,545807,186135,182955,184305,182947
2016-01-13,2016,1,545807,185836,182737,184054,182723
2016-01-14,2016,1,545807,185710,182493,183896,182484
2016-01-15,2016,1,545807,185598,182555,183874,182543
2016-01-16,2016,1,545807,185497,182400,183712,182393
2016-01-17,2016,1,545807,185589,182384,183765,182378
2016-01-18,2016,1,545807,185476,182380,183713,182371
2016-01-19,2016,1,545807,185125,182069,183391,182068
2016-01-20,2016,1,545807,184951,181919,183241,181919
2016-01-21,2016,1,545807,184618,181806,183002,181806
2016-01-22,2016,1,545807,184179,181301,182445,181301
2016-01-23,2016,1,545807,183833,180955,182137,180955
2016-01-24,2016,1,545807,184003,181018,182220,181017
2016-01-25,2016,1,545807,183792,180801,182014,180801
2016-01-26,2016,1,545807,183594,180572,181850,180572
2016-01-27,2016,1,545807,183828,180755,182057,180755
2016-01-28,2016,1,545807,183622,180685,181865,180685
2016-01-29,2016,1,545807,183522,180708,181831,180708
2016-01-30,2016,1,545807,183556,180705,181835,180705
2016-01-31,2016,1,545807,183154,180587,181561,180587
2016-02-01,2016,2,545807,182668,180270,181123,180270
2016-02-02,2016,2,545807,182255,180026,180766,180026
2016-02-03,2016,2,545807,181791,179628,180264,179628
2016-02-04,2016,2,545807,181209,179230,179824,179230
2016-02-05,2016,2,545807,180859,178872,179399,178872
2016-02-06,2016,2,545807,180144,178323,178776,178323
2016-02-07,2016,2,545807,179634,177850,178267,177850
2016-02-08,2016,2,545807,179097,177303,177690,177303
2016-02-09,2016,2,545807,178153,176383,176756,176383
2016-02-10,2016,2,545807,177129,175329,175691,175329
2016-02-11,2016,2,545807,175918,174199,174592,174199
2016-02-12,2016,2,545807,175707,174099,174446,174099
2016-02-13,2016,2,545807,175528,173901,174300,173901
2016-02-14,2016,2,545807,175031,173390,173800,173390
2016-02-15,2016,2,545807,175138,173478,173926,173478
2016-02-16,2016,2,545807,174240,172566,173054,172566
2016-02-17,2016,2,545807,174207,172503,173030,172503
2016-02-18,2016,2,545807,173326,171671,172207,171671
2016-02-19,2016,2,545807,173313,171804,172293,171804
2016-02-20,2016,2,545807,173122,171522,172081,171522
2016-02-21,2016,2,545807,172829,171313,171823,171313
2016-02-22,2016,2,545807,172147,170592,171161,170592
2016-02-23,2016,2,545807,171713,170148,170708,170148
2016-02-24,2016,2,545807,171235,169659,170236,169659
2016-02-25,2016,2,545807,171106,169590,170140,169590
2016-02-26,2016,2,545807,170868,169424,169959,169423
2016-02-27,2016,2,545807,170683,169209,169822,169209
2016-02-28,2016,2,545807,170595,169291,169847,169284
2016-02-29,2016,2,545807,170479,169216,169758,169209
2016-03-01,2016,3,545807,170553,169237,169831,169234
2016-03-02,2016,3,545807,169994,168625,169216,168615
2016-03-03,2016,3,545807,169454,168162,168740,168159
2016-03-04,2016,3,545807,169114,167756,168370,167749
2016-03-05,2016,3,545807,168918,167562,168163,167561
2016-03-06,2016,3,545807,168608,167324,167918,167321
2016-03-07,2016,3,545807,168273,166997,167576,166992
2016-03-08,2016,3,545807,167900,166592,167185,166584
2016-03-09,2016,3,545807,166789,165496,166111,165495
2016-03-10,2016,3,545807,165600,164318,164922,164308
2016-03-11,2016,3,545807,163950,162724,163307,162712
2016-03-12,2016,3,545807,162807,161519,162095,161511
2016-03-13,2016,3,545807,161569,160366,160946,160359
2016-03-14,2016,3,545807,161129,159895,160429,159884
2016-11-15,2017,11,545807,262561,192775,204373,192707
2016-11-16,2017,11,545807,263406,193325,204819,193257
2016-11-17,2017,11,545807,263890,193826,205495,193772
2016-11-18,2017,11,545807,263780,193737,205208,193679
2016-11-19,2017,11,545807,262798,193739,205329,193681
2016-11-20,2017,11,545807,260735,193738,205305,193684
2016-11-21,2017,11,545807,259914,193798,205269,193744
2016-11-22,2017,11,545807,260277,193846,205480,193799
2016-11-23,2017,11,545807,263234,192878,204585,192820
2016-11-24,2017,11,545807,265692,192755,204417,192697
2016-11-25,2017,11,545807,266106,191727,203299,191646
2016-11-26,2017,11,545807,267790,191799,203363,191727
2016-11-27,2017,11,545807,268036,192584,204059,192503
2016-11-28,2017,11,545807,269435,193579,205096,193470
2016-11-29,2017,11,545807,270171,194347,205885,194234
2016-11-30,2017,11,545807,269925,194592,205924,194480
2016-12-01,2017,12,545807,268664,194766,205703,194652
2016-12-02,2017,12,545807,262279,194236,205146,194097
2016-12-03,2017,12,545807,254399,194420,205035,194308
2016-12-04,2017,12,545807,251676,194486,205149,194390
2016-12-05,2017,12,545807,251319,194803,205417,194712
2016-12-06,2017,12,545807,249723,194496,204805,194395
2016-12-07,2017,12,545807,248385,194800,205056,194733
2016-12-08,2017,12,545807,247602,195040,205090,194981
2016-12-09,2017,12,545807,245824,194926,204686,194854
2016-12-10,2017,12,545807,245729,195287,205026,195229
2016-12-11,2017,12,545807,245243,195432,204735,195377
2016-12-12,2017,12,545807,243987,195617,204874,195553
2016-12-13,2017,12,545807,242352,195972,205241,195915
2016-12-14,2017,12,545807,241785,196284,205588,196207
2016-12-15,2017,12,545807,240814,196222,205429,196154
2016-12-16,2017,12,545807,240425,196738,205995,196667
2016-12-17,2017,12,545807,239801,196937,205945,196870
2016-12-18,2017,12,545807,239041,196798,205927,196735
2016-12-19,2017,12,545807,238180,197234,206127,197174
2016-12-20,2017,12,545807,236398,197020,205874,196966
2016-12-21,2017,12,545807,234124,197218,206009,197157
2016-12-22,2017,12,545807,233039,197276,205946,197214
2016-12-23,2017,12,545807,232430,197176,205631,197121
2016-12-24,2017,12,545807,231449,196913,205129,196856
2016-12-25,2017,12,545807,231726,197436,205564,197370
2016-12-26,2017,12,545807,231088,197356,205353,197283
2016-12-27,2017,12,545807,230915,197328,205454,197261
2016-12-28,2017,12,545807,230595,197642,205605,197566
2016-12-29,2017,12,545807,229956,197346,205188,197273
2016-12-30,2017,12,545807,230034,197701,205533,197611
2016-12-31,2017,12,545807,230166,197803,205703,197706
2017-01-01,2017,1,545807,229825,198079,205977,197996
2017-01-02,2017,1,545807,229542,197691,205446,197605
2017-01-03,2017,1,545807,229265,197929,205616,197855
2017-01-04,2017,1,545807,227233,197796,205501,197731
2017-01-05,2017,1,545807,225263,197854,205678,197780
2017-01-06,2017,1,545807,223981,197758,205195,197680
2017-01-07,2017,1,545807,221257,197770,204936,197701
2017-01-08,2017,1,545807,219434,197871,204849,197803
2017-01-09,2017,1,545807,218024,197797,204673,197720
2017-01-10,2017,1,545807,217285,197812,204514,197742
2017-01-11,2017,1,545807,216772,197860,204557,197771
2017-01-12,2017,1,545807,216315,197778,204225,197688
2017-01-13,2017,1,545807,216403,197639,204368,197562
2017-01-14,2017,1,545807,215962,197594,204182,197514
2017-01-15,2017,1,545807,215646,197638,204192,197562
2017-01-16,2017,1,545807,215784,198050,204694,197970
2017-01-17,2017,1,545807,215380,198010,204818,197937
2017-01-18,2017,1,545807,215044,197958,204545,197895
2017-01-19,2017,1,545807,215134,198158,204675,198098
2017-01-20,2017,1,545807,215221,198563,205182,198491
2017-01-21,2017,1,545807,214722,198338,204743,198265
2017-01-22,2017,1,545807,214758,198373,204744,198307
2017-01-23,2017,1,545807,214459,198397,204548,198326
2017-01-24,2017,1,545807,213342,198639,204754,198570
2017-01-25,2017,1,545807,211766,198801,204633,198723
2017-01-26,2017,1,545807,211174,198706,204299,198632
2017-01-27,2017,1,545807,210879,198625,204180,198541
2017-01-28,2017,1,545807,210766,198639,204185,198548
2017-01-29,2017,1,545807,210173,198383,203885,198310
2017-01-30,2017,1,545807,210048,198676,204004,198589
2017-01-31,2017,1,545807,210134,198697,204052,198610
2017-02-01,2017,2,545807,210069,198632,204173,198536
2017-02-02,2017,2,545807,209972,198660,204111,198575
2017-02-03,2017,2,545807,210108,198795,204149,198711
2017-02-04,2017,2,545807,210115,198967,204046,198878
2017-02-05,2017,2,545807,210169,199035,204053,198945
2017-02-06,2017,2,545807,210005,198983,203788,198885
2017-02-07,2017,2,545807,209961,198994,203854,198898
2017-02-08,2017,2,545807,209735,198786,203535,198697
2017-02-09,2017,2,545807,209309,198436,203155,198339
2017-02-10,2017,2,545807,209158,198308,203006,198202
2017-02-11,2017,2,545807,208839,197977,202680,197891
2017-02-12,2017,2,545807,208335,197580,202194,197489
2017-02-13,2017,2,545807,207742,197107,201638,197032
2017-02-14,2017,2,545807,207869,197330,201859,197256
2017-02-15,2017,2,545807,207538,197053,201630,196999
2017-02-16,2017,2,545807,207465,197203,201730,197130
2017-02-17,2017,2,545807,207255,197089,201595,197030
2017-02-18,2017,2,545807,207240,196948,201495,196884
2017-02-19,2017,2,545807,207183,197112,201605,197057
2017-02-20,2017,2,545807,206630,196713,201075,196648
2017-02-21,2017,2,545807,206709,196597,201053,196540
2017-02-22,2017,2,545807,206346,196533,200848,196482
2017-02-23,2017,2,545807,205903,196119,200413,196078
2017-02-24,2017,2,545807,205808,196181,200476,196126
2017-02-25,2017,2,545807,205576,195802,200077,195753
2017-02-26,2017,2,545807,205014,195530,199702,195487
2017-02-27,2017,2,545807,204393,195077,199073,195043
2017-02-28,2017,2,545807,204525,195204,199122,195152
2017-03-01,2017,3,545807,203583,194318,198166,194276
2017-03-02,2017,3,545807,203499,194171,197940,194133
2017-03-03,2017,3,545807,202871,193410,197230,193372
2017-03-04,2017,3,545807,202895,193553,197388,193522
2017-03-05,2017,3,545807,202435,193186,196896,193151
2017-03-06,2017,3,545807,201933,192626,196308,192595
2017-03-07,2017,3,545807,201495,192367,195968,192341
2017-03-08,2017,3,545807,201801,192586,196241,192554
2017-03-09,2017,3,545807,201350,192271,195916,192241
2017-03-10,2017,3,545807,201648,192332,195846,192295
2017-03-11,2017,3,545807,201487,192167,195891,192132
2017-03-12,2017,3,545807,201669,192141,195755,192095
2017-03-13,2017,3,545807,201321,191895,195498,191855
2017-03-14,2017,3,545807,201331,191927,195488,191869
2017-11-15,2018,11,545807,247839,188747,196173,188641
2017-11-16,2018,11,545807,247686,188666,196268,188565
2017-11-17,2018,11,545807,250775,188559,196195,188451
2017-11-18,2018,11,545807,254539,188669,196343,188573
2017-11-19,2018,11,545807,257301,188658,196590,188574
2017-11-20,2018,11,545807,258279,188996,196846,188886
2017-11-21,2018,11,545807,256355,189317,196994,189220
2017-11-22,2018,11,545807,253843,189574,197502,189484
2017-11-23,2018,11,545807,251804,189446,197177,189340
2017-11-24,2018,11,545807,252297,189786,197427,189688
2017-11-25,2018,11,545807,252386,189970,197798,189867
2017-11-26,2018,11,545807,252914,190129,197894,190029
2017-11-27,2018,11,545807,254403,190666,198481,190567
2017-11-28,2018,11,545807,258531,191153,199050,191045
2017-11-29,2018,11,545807,262481,192175,200198,192069
2017-11-30,2018,11,545807,259252,192178,199962,192078
2017-12-01,2018,12,545807,254261,191182,198952,191068
2017-12-02,2018,12,545807,250452,190702,198344,190596
2017-12-03,2018,12,545807,248094,190736,198403,190623
2017-12-04,2018,12,545807,247165,190395,198182,190306
2017-12-05,2018,12,545807,246320,191091,198914,190975
2017-12-06,2018,12,545807,246744,191521,199603,191439
2017-12-07,2018,12,545807,249476,192952,201288,192847
2017-12-08,2018,12,545807,250123,193305,201618,193203
2017-12-09,2018,12,545807,248957,193857,201866,193743
2017-12-10,2018,12,545807,243406,192837,200621,192734
2017-12-11,2018,12,545807,238922,191774,199423,191644
2017-12-12,2018,12,545807,233328,190633,198169,190522
2017-12-13,2018,12,545807,231796,191239,198680,191121
2017-12-14,2018,12,545807,231817,191877,199369,191767
2017-12-15,2018,12,545807,231196,191846,199309,191746
2017-12-16,2018,12,545807,229017,191766,199151,191661
2017-12-17,2018,12,545807,231147,191913,199309,191771
2017-12-18,2018,12,545807,238810,193053,200897,192915
2017-12-19,2018,12,545807,243465,195075,202861,194924
2017-12-20,2018,12,545807,239463,195381,202229,195231
2017-12-21,2018,12,545807,237179,195836,202520,195701
2017-12-22,2018,12,545807,234071,196121,202914,195977
2017-12-23,2018,12,545807,233077,196068,202797,195917
2017-12-24,2018,12,545807,232689,196785,203254,196637
2017-12-25,2018,12,545807,232725,196644,203250,196510
2017-12-26,2018,12,545807,231975,196803,203186,196652
2017-12-27,2018,12,545807,231413,196989,203478,196823
2017-12-28,2018,12,545807,231534,197162,203472,196986
2017-12-29,2018,12,545807,230627,197073,203313,196914
2017-12-30,2018,12,545807,229841,197297,203286,197126
2017-12-31,2018,12,545807,226290,197385,202849,197194
2018-01-01,2018,1,545807,221401,196946,201739,196758
2018-01-02,2018,1,545807,217430,197146,201482,196959
2018-01-03,2018,1,545807,214480,197072,201494,196973
2018-01-04,2018,1,545807,212847,197452,201700,197348
2018-01-05,2018,1,545807,212560,197673,201905,197559
2018-01-06,2018,1,545807,212659,197750,202047,197619
2018-01-07,2018,1,545807,212574,197731,201978,197603
2018-01-08,2018,1,545807,212146,197405,201430,197255
2018-01-09,2018,1,545807,212379,197261,201301,197100
2018-01-10,2018,1,545807,211950,197063,200922,196892
2018-01-11,2018,1,545807,211720,196921,200980,196730
2018-01-12,2018,1,545807,211873,197215,201028,197011
2018-01-13,2018,1,545807,211566,196530,200410,196360
2018-01-14,2018,1,545807,211431,196528,200225,196372
2018-01-15,2018,1,545807,211131,196338,200197,196198
2018-01-16,2018,1,545807,211374,196495,200292,196364
2018-01-17,2018,1,545807,211131,196266,200052,196101
2018-01-18,2018,1,545807,210646,195907,199798,195775
2018-01-19,2018,1,545807,211054,196217,200039,196068
2018-01-20,2018,1,545807,211015,196263,200120,196113
2018-01-21,2018,1,545807,210976,196139,200071,195998
2018-01-22,2018,1,545807,210977,196248,200071,196094
2018-01-23,2018,1,545807,211074,196228,200044,196062
2018-01-24,2018,1,545807,211191,196396,200210,196238
2018-01-25,2018,1,545807,211136,196456,200235,196300
2018-01-26,2018,1,545807,210903,196363,200081,196216
2018-01-27,2018,1,545807,210259,196146,199911,196004
2018-01-28,2018,1,545807,209841,195774,199677,195635
2018-01-29,2018,1,545807,209287,195662,199342,195516
2018-01-30,2018,1,545807,208730,195482,199152,195367
2018-01-31,2018,1,545807,208379,195023,198776,194915
2018-02-01,2018,2,545807,208116,195028,198608,194895
2018-02-02,2018,2,545807,207691,194783,198414,194675
2018-02-03,2018,2,545807,207218,194405,198015,194326
2018-02-04,2018,2,545807,207011,194061,197722,194001
2018-02-05,2018,2,545807,206360,193604,197234,193535
2018-02-06,2018,2,545807,205909,193349,196826,193289
2018-02-07,2018,2,545807,205300,193188,196698,193117
2018-02-08,2018,2,545807,205405,193390,196811,193326
2018-02-09,2018,2,545807,204967,192984,196409,192920
2018-02-10,2018,2,545807,204936,193080,196576,193030
2018-02-11,2018,2,545807,204345,193061,196373,193008
2018-02-12,2018,2,545807,204229,193165,196481,193122
2018-02-13,2018,2,545807,204254,193111,196347,193083
2018-02-14,2018,2,545807,204049,192841,196040,192809
2018-02-15,2018,2,545807,203930,192727,196111,192695
2018-02-16,2018,2,545807,203999,192797,196179,192762
2018-02-17,2018,2,545807,203831,192670,196086,192650
2018-02-18,2018,2,545807,203683,192718,196090,192703
2018-02-19,2018,2,545807,203372,192205,195665,192198
2018-02-20,2018,2,545807,203053,192055,195439,192052
2018-02-21,2018,2,545807,202811,191804,195320,191802
2018-02-22,2018,2,545807,202258,191569,194831,191567
2018-02-23,2018,2,545807,202322,191498,194868,191489
2018-02-24,2018,2,545807,202073,191470,194871,191456
2018-02-25,2018,2,545807,201721,191070,194379,191048
2018-02-26,2018,2,545807,201788,191247,194544,191223
2018-02-27,2018,2,545807,200930,190546,193816,190530
2018-02-28,2018,2,545807,201121,190783,194160,190751
2018-03-01,2018,3,545807,200185,190094,193345,190056
2018-03-02,2018,3,545807,200078,189936,193249,189883
2018-03-03,2018,3,545807,200000,189902,193283,189863
2018-03-04,2018,3,545807,199619,189773,193076,189722
2018-03-05,2018,3,545807,199344,189755,192902,189701
2018-03-06,2018,3,545807,199053,189560,192700,189492
2018-03-07,2018,3,545807,199084,189725,192765,189669
2018-03-08,2018,3,545807,198985,189693,192839,189662
2018-03-09,2018,3,545807,198959,189796,192784,189750
2018-03-10,2018,3,545807,198551,189665,192497,189629
2018-03-11,2018,3,545807,197804,189274,191959,189240
2018-03-12,2018,3,545807,197464,188991,191702,188960
2018-03-13,2018,3,545807,196680,188444,191165,188411
2018-03-14,2018,3,545807,195926,188040,190601,188011
2018-11-15,2019,11,545807,235771,193526,199115,193473
2018-11-16,2019,11,545807,233835,193158,198692,193120
2018-11-17,2019,11,545807,233638,193143,198706,193090
2018-11-18,2019,11,545807,231820,193197,198818,193136
2018-11-19,2019,11,545807,226914,192501,197904,192462
2018-11-20,2019,11,545807,224156,192510,197853,192460
2018-11-21,2019,11,545807,225318,193519,199069,193470
2018-11-22,2019,11,545807,227065,194506,200117,194462
2018-11-23,2019,11,545807,228764,195015,200849,194969
2018-11-24,2019,11,545807,231162,195564,201435,195507
2018-11-25,2019,11,545807,236287,196870,203018,196789
2018-11-26,2019,11,545807,244549,198766,205049,198644
2018-11-27,2019,11,545807,251041,199898,206423,199794
2018-11-28,2019,11,545807,254479,200260,207048,200154
2018-11-29,2019,11,545807,255237,200025,206828,199926
2018-11-30,2019,11,545807,256434,200825,207612,200708
2018-12-01,2019,12,545807,257521,200868,207802,200763
2018-12-02,2019,12,545807,255477,201050,207728,200935
2018-12-03,2019,12,545807,254634,200609,207506,200493
2018-12-04,2019,12,545807,253622,200521,207296,200431
2018-12-05,2019,12,545807,251950,200485,207080,200358
2018-12-06,2019,12,545807,250986,200718,207094,200605
2018-12-07,2019,12,545807,250766,200515,207195,200391
2018-12-08,2019,12,545807,248680,200935,207393,200810
2018-12-09,2019,12,545807,251021,200954,207513,200799
2018-12-10,2019,12,545807,253234,201388,207840,201253
2018-12-11,2019,12,545807,253296,201271,207634,201126
2018-12-12,2019,12,545807,250911,201311,207841,201171
2018-12-13,2019,12,545807,249198,200777,207296,200655
2018-12-14,2019,12,545807,249373,200911,207249,200760
2018-12-15,2019,12,545807,249892,201272,207594,201109
2018-12-16,2019,12,545807,248199,200855,207128,200724
2018-12-17,2019,12,545807,244498,200804,207041,200674
2018-12-18,2019,12,545807,242456,200806,206854,200666
2018-12-19,2019,12,545807,240183,200467,206311,200317
2018-12-20,2019,12,545807,235226,200372,206011,200209
2018-12-21,2019,12,545807,231387,200392,206001,200244
2018-12-22,2019,12,545807,231465,200609,206038,200461
2018-12-23,2019,12,545807,230747,200753,205977,200600
2018-12-24,2019,12,545807,230098,201113,206200,200956
2018-12-25,2019,12,545807,227672,201237,205855,201070
2018-12-26,2019,12,545807,224048,200987,205007,200816
2018-12-27,2019,12,545807,220594,200871,204371,200668
2018-12-28,2019,12,545807,218495,200603,203424,200411
2018-12-29,2019,12,545807,214370,199528,201715,199368
2018-12-30,2019,12,545807,212101,199103,201128,198977
2018-12-31,2019,12,545807,210657,198997,200979,198901
2019-01-01,2019,1,545807,210305,198814,200890,198717
2019-01-02,2019,1,545807,209663,198612,200585,198503
2019-01-03,2019,1,545807,209232,198375,200401,198242
2019-01-04,2019,1,545807,208527,197623,199684,197491
2019-01-05,2019,1,545807,208465,197776,199844,197645
2019-01-06,2019,1,545807,208687,197941,199960,197819
2019-01-07,2019,1,545807,208591,197809,199815,197692
2019-01-08,2019,1,545807,207937,197489,199463,197379
2019-01-09,2019,1,545807,207569,197369,199363,197251
2019-01-10,2019,1,545807,206645,196664,198682,196569
2019-01-11,2019,1,545807,206138,196371,198356,196252
2019-01-12,2019,1,545807,206044,196334,198363,196222
2019-01-13,2019,1,545807,206280,196463,198495,196334
2019-01-14,2019,1,545807,206164,196348,198477,196232
2019-01-15,2019,1,545807,206316,196930,199146,196789
2019-01-16,2019,1,545807,206029,196639,198915,196518
2019-01-17,2019,1,545807,205806,196665,198984,196547
2019-01-18,2019,1,545807,205350,196500,198816,196341
2019-01-19,2019,1,545807,205453,196693,199173,196548
2019-01-20,2019,1,545807,204725,196257,198539,196091
2019-01-21,2019,1,545807,204342,196067,198358,195908
2019-01-22,2019,1,545807,204283,195853,198096,195686
2019-01-23,2019,1,545807,203997,195733,197965,195544
2019-01-24,2019,1,545807,203840,195538,197746,195351
2019-01-25,2019,1,545807,203429,195239,197280,195065
2019-01-26,2019,1,545807,203102,194921,196792,194746
2019-01-27,2019,1,545807,203021,194711,196628,194512
2019-01-28,2019,1,545807,202479,193982,195983,193824
2019-01-29,2019,1,545807,202346,193937,195883,193770
2019-01-30,2019,1,545807,201319,193713,195299,193570
2019-01-31,2019,1,545807,200797,193236,194776,193087
2019-02-01,2019,2,545807,200754,193288,194777,193152
2019-02-02,2019,2,545807,200397,192900,194433,192746
2019-02-03,2019,2,545807,199692,192656,194042,192515
2019-02-04,2019,2,545807,197848,191685,193019,191603
2019-02-05,2019,2,545807,196592,191217,192464,191179
2019-02-06,2019,2,545807,195702,190578,191812,190521
2019-02-07,2019,2,545807,193020,188311,189629,188311
2019-02-08,2019,2,545807,192126,187753,189054,187753
2019-02-09,2019,2,545807,192007,187881,189099,187881
2019-02-10,2019,2,545807,191993,187974,189177,187974
2019-02-11,2019,2,545807,191645,187846,189071,187846
2019-02-12,2019,2,545807,191373,187924,189106,187924
2019-02-13,2019,2,545807,190726,187486,188618,187486
2019-02-14,2019,2,545807,190325,187289,188435,187289
2019-02-15,2019,2,545807,190450,187420,188527,187420
2019-02-16,2019,2,545807,189915,186990,188020,186989
2019-02-17,2019,2,545807,189724,186880,187882,186879
2019-02-18,2019,2,545807,189730,186959,187951,186956
2019-02-19,2019,2,545807,189219,186611,187513,186601
2019-02-20,2019,2,545807,188935,186457,187391,186454
2019-02-21,2019,2,545807,188683,186209,187166,186203
2019-02-22,2019,2,545807,188726,186212,187154,186206
2019-02-23,2019,2,545807,188233,186000,186889,185996
2019-02-24,2019,2,545807,187992,185720,186687,185707
2019-02-25,2019,2,545807,187609,185465,186426,185456
2019-02-26,2019,2,545807,187084,184938,185934,184926
2019-02-27,2019,2,545807,186822,184711,185678,184697
2019-02-28,2019,2,545807,186393,184263,185262,184247
2019-03-01,2019,3,545807,186246,183962,185080,183949
2019-03-02,2019,3,545807,185982,183685,184773,183672
2019-03-03,2019,3,545807,185802,183541,184647,183531
2019-03-04,2019,3,545807,185366,183092,184184,183085
2019-03-05,2019,3,545807,185103,182773,183868,182761
2019-03-06,2019,3,545807,184883,182638,183750,182629
2019-03-07,2019,3,545807,184535,182456,183509,182443
2019-03-08,2019,3,545807,184230,182185,183213,182170
2019-03-09,2019,3,545807,183861,181877,182849,181871
2019-03-10,2019,3,545807,183700,181690,182742,181687
2019-03-11,2019,3,545807,183653,181655,182640,181655
2019-03-12,2019,3,545807,183546,181608,182546,181608
2019-03-13,2019,3,545807,183236,181426,182293,181426
2019-03-14,2019,3,545807,183315,181366,182295,181366
2019-11-15,2020,11,545807,217950,185928,194342,185902
2019-11-16,2020,11,545807,217596,185818,194136,185798
2019-11-17,2020,11,545807,217637,186029,194423,185994
2019-11-18,2020,11,545807,217892,186446,194942,186424
2019-11-19,2020,11,545807,217732,186251,194689,186215
2019-11-20,2020,11,545807,218791,186677,194920,186644
2019-11-21,2020,11,545807,219220,186865,195200,186833
2019-11-22,2020,11,545807,219814,187159,195544,187129
2019-11-23,2020,11,545807,220304,187139,195416,187102
2019-11-24,2020,11,545807,221741,187673,196127,187625
2019-11-25,2020,11,545807,228238,190354,198878,190293
2019-11-26,2020,11,545807,233205,192312,201109,192229
2019-11-27,2020,11,545807,235829,192716,201495,192626
2019-11-28,2020,11,545807,239687,193751,202903,193661
2019-11-29,2020,11,545807,244400,195045,204327,194940
2019-11-30,2020,11,545807,247791,196046,205127,195929
2019-12-01,2020,12,545807,251299,196463,205807,196331
2019-12-02,2020,12,545807,254004,197398,206793,197264
2019-12-03,2020,12,545807,255315,197341,206637,197177
2019-12-04,2020,12,545807,249063,197348,206370,197212
2019-12-05,2020,12,545807,244764,197327,206230,197172
2019-12-06,2020,12,545807,243409,197335,205991,197200
2019-12-07,2020,12,545807,242694,197350,206006,197203
2019-12-08,2020,12,545807,243157,197726,206306,197564
2019-12-09,2020,12,545807,242876,198001,206439,197852
2019-12-10,2020,12,545807,242453,198601,206965,198448
2019-12-11,2020,12,545807,242161,198686,206933,198513
2019-12-12,2020,12,545807,242403,198940,207261,198745
2019-12-13,2020,12,545807,241115,199292,207626,199105
2019-12-14,2020,12,545807,241071,199930,208220,199743
2019-12-15,2020,12,545807,241853,199446,206972,199203
2019-12-16,2020,12,545807,238928,199435,205068,199190
2019-12-17,2020,12,545807,234961,198361,202792,198117
2019-12-18,2020,12,545807,231074,198081,201899,197863
2019-12-19,2020,12,545807,228570,197432,200934,197207
2019-12-20,2020,12,545807,226451,197143,200508,196860
2019-12-21,2020,12,545807,223817,196782,200189,196537
2019-12-22,2020,12,545807,219667,196127,199326,195890
2019-12-23,2020,12,545807,215319,196385,199335,196155
2019-12-24,2020,12,545807,210596,195953,198669,195808
2019-12-25,2020,12,545807,208600,195735,198158,195627
2019-12-26,2020,12,545807,207355,195334,197725,195292
2019-12-27,2020,12,545807,206494,195170,197642,195111
2019-12-28,2020,12,545807,205793,195225,197696,195179
2019-12-29,2020,12,545807,205406,195253,197822,195208
2019-12-30,2020,12,545807,204955,194944,197519,194879
2019-12-31,2020,12,545807,204245,194561,197017,194508
2020-01-01,2020,1,545807,203518,194145,196518,194086
2020-01-02,2020,1,545807,203225,193919,196249,193840
2020-01-03,2020,1,545807,202858,193717,196076,193684
2020-01-04,2020,1,545807,201423,192732,194947,192718
2020-01-05,2020,1,545807,200744,192252,194438,192247
2020-01-06,2020,1,545807,200613,192247,194286,192234
2020-01-07,2020,1,545807,199738,191351,193379,191350
2020-01-08,2020,1,545807,198721,190748,192780,190748
2020-01-09,2020,1,545807,198307,190675,192724,190675
2020-01-10,2020,1,545807,197698,190307,192332,190307
2020-01-11,2020,1,545807,197827,190757,192688,190757
2020-01-12,2020,1,545807,197562,190693,192566,190693
2020-01-13,2020,1,545807,196267,189577,191301,189577
2020-01-14,2020,1,545807,195618,189312,190830,189312
2020-01-15,2020,1,545807,194994,188765,190289,188765
2020-01-16,2020,1,545807,194675,188509,189895,188509
2020-01-17,2020,1,545807,193934,187915,189318,187915
2020-01-18,2020,1,545807,193280,187370,188789,187370
2020-01-19,2020,1,545807,192611,187134,188447,187134
2020-01-20,2020,1,545807,192058,186533,187899,186533
2020-01-21,2020,1,545807,191189,185981,187291,185981
2020-01-22,2020,1,545807,190741,185809,187133,185809
2020-01-23,2020,1,545807,190563,185721,187077,185721
2020-01-24,2020,1,545807,190212,185593,186949,185593
2020-01-25,2020,1,545807,189816,185304,186592,185304
2020-01-26,2020,1,545807,189576,184942,186260,184942
2020-01-27,2020,1,545807,189246,184680,185927,184680
2020-01-28,2020,1,545807,188797,184301,185524,184301
2020-01-29,2020,1,545807,188341,183951,185192,183951
2020-01-30,2020,1,545807,187929,183700,184934,183700
2020-01-31,2020,1,545807,188043,183801,185039,183801
2020-02-01,2020,2,545807,187346,183656,184714,183656
2020-02-02,2020,2,545807,187246,183640,184713,183640
2020-02-03,2020,2,545807,186976,183401,184433,183401
2020-02-04,2020,2,545807,186123,182457,183429,182457
2020-02-05,2020,2,545807,185523,181997,182884,181997
2020-02-06,2020,2,545807,184602,181161,182088,181159
2020-02-07,2020,2,545807,183778,180388,181240,180383
2020-02-08,2020,2,545807,183156,179964,180756,179957
2020-02-09,2020,2,545807,182826,179553,180437,179538
2020-02-10,2020,2,545807,182624,179491,180328,179477
2020-02-11,2020,2,545807,181530,178965,179795,178953
2020-02-12,2020,2,545807,180881,178703,179497,178698
2020-02-13,2020,2,545807,180936,178847,179633,178846
2020-02-14,2020,2,545807,180622,178645,179416,178645
2020-02-15,2020,2,545807,180255,178472,179163,178472
2020-02-16,2020,2,545807,179795,178180,178838,178180
2020-02-17,2020,2,545807,179567,177920,178584,177920
2020-02-18,2020,2,545807,179537,178000,178592,178000
2020-02-19,2020,2,545807,179592,177990,178627,177990
2020-02-20,2020,2,545807,178618,177148,177746,177148
2020-02-21,2020,2,545807,177786,176226,176828,176226
2020-02-22,2020,2,545807,177527,176059,176530,176059
2020-02-23,2020,2,545807,177150,175581,176093,175581
2020-02-24,2020,2,545807,176971,175412,175917,175412
2020-02-25,2020,2,545807,176841,175331,175785,175331
2020-02-26,2020,2,545807,176789,175359,175804,175359
2020-02-27,2020,2,545807,176548,175160,175544,175160
2020-02-28,2020,2,545807,176626,175319,175724,175319
2020-02-29,2020,2,545807,176363,175081,175528,175081
2020-03-01,2020,3,545807,176524,175302,175725,175302
2020-03-02,2020,3,545807,176146,174939,175382,174939
2020-03-03,2020,3,545807,176097,174875,175335,174875
2020-03-04,2020,3,545807,175932,174748,175217,174748
2020-03-05,2020,3,545807,175718,174623,174999,174623
2020-03-06,2020,3,545807,174988,173869,174255,173869
2020-03-07,2020,3,545807,174921,173919,174288,173919
2020-03-08,2020,3,545807,174981,173986,174314,173986
2020-03-09,2020,3,545807,175206,174141,174512,174141
2020-03-10,2020,3,545807,175104,174048,174447,174048
2020-03-11,2020,3,545807,174875,173855,174252,173855
2020-03-12,2020,3,545807,174946,173858,174301,173858
2020-03-13,2020,3,545807,174519,173524,173873,173524
2020-03-14,2020,3,545807,174260,173296,173660,173296
2020-11-15,2021,11,545807,249746,193281,200948,193156
2020-11-16,2021,11,545807,249140,192944,200418,192836
2020-11-17,2021,11,545807,248239,192660,199886,192546
2020-11-18,2021,11,545807,247322,193220,200480,193094
2020-11-19,2021,11,545807,250017,194207,201884,194099
2020-11-20,2021,11,545807,250824,194587,202531,194447
2020-11-21,2021,11,545807,254391,195219,203337,195088
2020-11-22,2021,11,545807,256921,195387,203517,195249
2020-11-23,2021,11,545807,253606,195390,203626,195256
2020-11-24,2021,11,545807,252835,195041,203333,194899
2020-11-25,2021,11,545807,251740,195456,203927,195311
2020-11-26,2021,11,545807,250202,194861,203295,194735
2020-11-27,2021,11,545807,249580,194309,203105,194187
2020-11-28,2021,11,545807,248248,193991,202766,193867
2020-11-29,2021,11,545807,248883,194636,203650,194506
2020-11-30,2021,11,545807,253582,196908,206564,196776
2020-12-01,2021,12,545807,253750,196973,206601,196849
2020-12-02,2021,12,545807,256026,197280,207054,197146
2020-12-03,2021,12,545807,256558,198161,207746,198032
2020-12-04,2021,12,545807,253762,197544,207375,197442
2020-12-05,2021,12,545807,250792,197117,206670,197007
2020-12-06,2021,12,545807,250457,197940,207768,197820
2020-12-07,2021,12,545807,252471,198426,208503,198314
2020-12-08,2021,12,545807,254677,198581,208705,198491
2020-12-09,2021,12,545807,255975,199235,209361,199145
2020-12-10,2021,12,545807,257691,199180,209261,199082
2020-12-11,2021,12,545807,258823,199649,209898,199578
2020-12-12,2021,12,545807,260908,199513,209500,199438
2020-12-13,2021,12,545807,263745,199496,209510,199429
2020-12-14,2021,12,545807,262192,198728,208512,198660
2020-12-15,2021,12,545807,260942,198224,208032,198151
2020-12-16,2021,12,545807,259481,198129,207667,198062
2020-12-17,2021,12,545807,259989,198053,207606,197978
2020-12-18,2021,12,545807,259466,197671,207352,197603
2020-12-19,2021,12,545807,259781,197720,207111,197631
2020-12-20,2021,12,545807,258642,197774,207026,197705
2020-12-21,2021,12,545807,257950,197379,206629,197274
2020-12-22,2021,12,545807,261513,197936,207593,197850
2020-12-23,2021,12,545807,264329,199041,208679,198950
2020-12-24,2021,12,545807,263706,199000,208590,198910
2020-12-25,2021,12,545807,258775,199064,208490,198978
2020-12-26,2021,12,545807,255090,199227,208656,199123
2020-12-27,2021,12,545807,253372,198452,207982,198370
2020-12-28,2021,12,545807,253283,199061,208550,198973
2020-12-29,2021,12,545807,253207,199095,208398,199001
2020-12-30,2021,12,545807,251174,199139,208488,199048
2020-12-31,2021,12,545807,248064,198965,208224,198880
2021-01-01,2021,1,545807,244583,199340,208323,199233
2021-01-02,2021,1,545807,239760,199220,208194,199154
2021-01-03,2021,1,545807,236723,198932,207991,198880
2021-01-04,2021,1,545807,234918,198615,207750,198554
2021-01-05,2021,1,545807,233880,198406,207575,198335
2021-01-06,2021,1,545807,233309,198394,207429,198337
2021-01-07,2021,1,545807,232569,198188,207218,198132
2021-01-08,2021,1,545807,227563,197948,206206,197890
2021-01-09,2021,1,545807,222814,198199,205937,198127
2021-01-10,2021,1,545807,219516,198141,205432,198073
2021-01-11,2021,1,545807,215036,197883,204171,197819
2021-01-12,2021,1,545807,209814,197698,203010,197679
2021-01-13,2021,1,545807,207483,197327,202542,197306
2021-01-14,2021,1,545807,206913,197712,202545,197698
2021-01-15,2021,1,545807,206688,197464,202235,197450
2021-01-16,2021,1,545807,206753,197603,202417,197588
2021-01-17,2021,1,545807,206487,197614,202217,197604
2021-01-18,2021,1,545807,206429,197818,202385,197803
2021-01-19,2021,1,545807,206467,197767,202454,197756
2021-01-20,2021,1,545807,206170,197681,202108,197667
2021-01-21,2021,1,545807,206693,198240,202686,198228
2021-01-22,2021,1,545807,206768,198428,202959,198410
2021-01-23,2021,1,545807,206738,198322,202747,198293
2021-01-24,2021,1,545807,206822,198256,202857,198231
2021-01-25,2021,1,545807,206461,198008,202535,197977
2021-01-26,2021,1,545807,206483,197903,202524,197875
2021-01-27,2021,1,545807,205678,197435,201723,197409
2021-01-28,2021,1,545807,205634,197501,201742,197477
2021-01-29,2021,1,545807,205190,197439,201606,197419
2021-01-30,2021,1,545807,204755,197349,201320,197324
2021-01-31,2021,1,545807,204327,197412,201254,197390
2021-02-01,2021,2,545807,203309,196961,200570,196930
2021-02-02,2021,2,545807,202790,196776,200438,196755
2021-02-03,2021,2,545807,202279,196470,199974,196453
2021-02-04,2021,2,545807,201630,196025,199379,196011
2021-02-05,2021,2,545807,201304,195882,199119,195867
2021-02-06,2021,2,545807,200646,195516,198492,195506
2021-02-07,2021,2,545807,199614,195143,197514,195134
2021-02-08,2021,2,545807,199402,195168,197310,195156
2021-02-09,2021,2,545807,198913,194952,197050,194950
2021-02-10,2021,2,545807,198296,194572,196535,194569
2021-02-11,2021,2,545807,196945,193502,195408,193496
2021-02-12,2021,2,545807,195803,192772,194519,192764
2021-02-13,2021,2,545807,195506,192538,194371,192528
2021-02-14,2021,2,545807,195497,192605,194359,192604
2021-02-15,2021,2,545807,194901,191874,193634,191872
2021-02-16,2021,2,545807,194015,191057,192895,191057
2021-02-17,2021,2,545807,193614,190826,192595,190826
2021-02-18,2021,2,545807,193205,190410,192180,190410
2021-02-19,2021,2,545807,192689,189910,191659,189910
2021-02-20,2021,2,545807,192109,189414,191102,189414
2021-02-21,2021,2,545807,191850,189143,190937,189143
2021-02-22,2021,2,545807,191427,188729,190541,188729
2021-02-23,2021,2,545807,191070,188379,190237,188379
2021-02-24,2021,2,545807,190930,188435,190107,188435
2021-02-25,2021,2,545807,190390,188039,189606,188039
2021-02-26,2021,2,545807,190409,188050,189736,188050
2021-02-27,2021,2,545807,190317,187946,189636,187946
2021-02-28,2021,2,545807,190084,187722,189382,187722
2021-03-01,2021,3,545807,189803,187355,189093,187355
2021-03-02,2021,3,545807,189493,187158,188762,187158
2021-03-03,2021,3,545807,189138,186821,188407,186821
2021-03-04,2021,3,545807,188837,186548,188118,186548
2021-03-05,2021,3,545807,188868,186553,188085,186553
2021-03-06,2021,3,545807,188624,186275,187794,186275
2021-03-07,2021,3,545807,188343,185965,187480,185965
2021-03-08,2021,3,545807,188014,185582,187107,185582
2021-03-09,2021,3,545807,187265,184843,186309,184842
2021-03-10,2021,3,545807,186877,184337,185813,184337
2021-03-11,2021,3,545807,186456,183816,185383,183816
2021-03-12,2021,3,545807,186013,183337,184897,183337
2021-03-13,2021,3,545807,185960,183166,184762,183166
2021-03-14,2021,3,545807,185257,182479,184027,182479
2021-11-15,2022,11,545807,308572,195343,206473,195205
2021-11-16,2022,11,545807,308049,195368,206734,195221
2021-11-17,2022,11,545807,308504,195654,206952,195502
2021-11-18,2022,11,545807,309032,195755,206913,195619
2021-11-19,2022,11,545807,308093,195829,207061,195709
2021-11-20,2022,11,545807,307711,195707,206942,195598
2021-11-21,2022,11,545807,308578,195620,206712,195501
2021-11-22,2022,11,545807,309349,195959,206808,195815
2021-11-23,2022,11,545807,310800,195818,206691,195669
2021-11-24,2022,11,545807,310749,196020,206669,195874
2021-11-25,2022,11,545807,310028,196030,206710,195904
2021-11-26,2022,11,545807,309329,196409,207071,196283
2021-11-27,2022,11,545807,309129,196163,206846,196013
2021-11-28,2022,11,545807,309926,196585,207000,196435
2021-11-29,2022,11,545807,309544,196076,206682,195961
2021-11-30,2022,11,545807,309493,196047,206806,195867
2021-12-01,2022,12,545807,310166,196732,207493,196551
2021-12-02,2022,12,545807,309214,196458,207618,196308
2021-12-03,2022,12,545807,308717,197119,208018,196944
2021-12-04,2022,12,545807,308713,197213,208251,197026
2021-12-05,2022,12,545807,307076,197415,208053,197263
2021-12-06,2022,12,545807,304365,197092,207509,196938
2021-12-07,2022,12,545807,301969,197422,207256,197280
2021-12-08,2022,12,545807,298678,197544,207351,197406
2021-12-09,2022,12,545807,290964,197515,207078,197369
2021-12-10,2022,12,545807,287952,197475,206860,197324
2021-12-11,2022,12,545807,286576,197689,206968,197517
2021-12-12,2022,12,545807,285693,197465,206652,197333
2021-12-13,2022,12,545807,284804,196895,206007,196749
2021-12-14,2022,12,545807,284293,196828,205734,196665
2021-12-15,2022,12,545807,284229,196611,205668,196449
2021-12-16,2022,12,545807,284235,197252,205968,197089
2021-12-17,2022,12,545807,284107,197261,206035,197123
2021-12-18,2022,12,545807,283433,197343,205949,197162
2021-12-19,2022,12,545807,282988,197744,206396,197620
2021-12-20,2022,12,545807,281726,197935,206552,197777
2021-12-21,2022,12,545807,279622,198040,206626,197875
2021-12-22,2022,12,545807,275347,197955,206622,197814
2021-12-23,2022,12,545807,271717,197688,206403,197552
2021-12-24,2022,12,545807,272009,198065,206830,197903
2021-12-25,2022,12,545807,271880,198001,206876,197856
2021-12-26,2022,12,545807,271655,197796,206632,197638
2021-12-27,2022,12,545807,271261,198072,207036,197939
2021-12-28,2022,12,545807,267551,197753,206718,197625
2021-12-29,2022,12,545807,256463,197469,206397,197353
2021-12-30,2022,12,545807,253950,197299,206204,197151
2021-12-31,2022,12,545807,252247,197549,206295,197423
2022-01-01,2022,1,545807,251748,197223,206084,197075
2022-01-02,2022,1,545807,251363,197112,206046,196964
2022-01-03,2022,1,545807,250592,196879,205803,196727
2022-01-04,2022,1,545807,250012,196430,205065,196256
2022-01-05,2022,1,545807,249767,196326,204997,196162
2022-01-06,2022,1,545807,250069,195937,204657,195746
2022-01-07,2022,1,545807,250202,196297,204896,196089
2022-01-08,2022,1,545807,250076,196261,204995,196038
2022-01-09,2022,1,545807,249688,196261,204695,196051
2022-01-10,2022,1,545807,249622,196017,204552,195820
2022-01-11,2022,1,545807,249300,196232,204563,196050
2022-01-12,2022,1,545807,248826,196661,204791,196479
2022-01-13,2022,1,545807,248440,196339,204631,196204
2022-01-14,2022,1,545807,248088,196018,204278,195885
2022-01-15,2022,1,545807,248076,196328,204395,196210
2022-01-16,2022,1,545807,247722,196000,203938,195891
2022-01-17,2022,1,545807,247148,196365,203994,196266
2022-01-18,2022,1,545807,246903,196139,203868,196015
2022-01-19,2022,1,545807,246113,196353,203909,196236
2022-01-20,2022,1,545807,245273,196250,203805,196132
2022-01-21,2022,1,545807,243999,196563,203943,196455
2022-01-22,2022,1,545807,241443,196466,203741,196344
2022-01-23,2022,1,545807,238387,196259,203410,196155
2022-01-24,2022,1,545807,237099,196531,203521,196421
2022-01-25,2022,1,545807,235559,196549,203321,196423
2022-01-26,2022,1,545807,231483,196422,203090,196307
2022-01-27,2022,1,545807,229342,196223,202976,196115
2022-01-28,2022,1,545807,228944,196108,202857,195989
2022-01-29,2022,1,545807,228922,196229,202797,196113
2022-01-30,2022,1,545807,228524,195765,202370,195666
2022-01-31,2022,1,545807,228211,196082,202418,195970
2022-02-01,2022,2,545807,228215,195759,202336,195619
2022-02-02,2022,2,545807,227953,195801,202212,195674
2022-02-03,2022,2,545807,226745,195351,201645,195229
2022-02-04,2022,2,545807,225243,195484,201768,195334
2022-02-05,2022,2,545807,224196,195371,201650,195235
2022-02-06,2022,2,545807,222869,194924,200960,194804
2022-02-07,2022,2,545807,221803,194701,200845,194595
2022-02-08,2022,2,545807,221187,194537,200519,194414
2022-02-09,2022,2,545807,220466,194073,200063,193977
2022-02-10,2022,2,545807,219939,194142,200049,194048
2022-02-11,2022,2,545807,219489,194251,200073,194167
2022-02-12,2022,2,545807,218607,193791,199564,193714
2022-02-13,2022,2,545807,218350,193470,199219,193405
2022-02-14,2022,2,545807,218051,193486,199110,193425
2022-02-15,2022,2,545807,217846,193622,199139,193537
2022-02-16,2022,2,545807,217422,193351,198899,193273
2022-02-17,2022,2,545807,217180,193226,198816,193141
2022-02-18,2022,2,545807,217038,193196,198747,193104
2022-02-19,2022,2,545807,216742,193147,198537,193058
2022-02-20,2022,2,545807,216655,193340,198717,193229
2022-02-21,2022,2,545807,216137,192861,198127,192735
2022-02-22,2022,2,545807,215497,192541,197846,192419
2022-02-23,2022,2,545807,215291,192577,197761,192473
2022-02-24,2022,2,545807,215041,192642,197895,192533
2022-02-25,2022,2,545807,214860,192742,197914,192600
2022-02-26,2022,2,545807,213939,192474,197608,192358
2022-02-27,2022,2,545807,213284,192364,197431,192256
2022-02-28,2022,2,545807,212992,192561,197577,192452
2022-03-01,2022,3,545807,213021,192515,197537,192408
2022-03-02,2022,3,545807,212570,192413,197374,192311
2022-03-03,2022,3,545807,212152,192233,197093,192130
2022-03-04,2022,3,545807,211533,192002,196879,191917
2022-03-05,2022,3,545807,210976,191751,196635,191662
2022-03-06,2022,3,545807,211156,192164,196905,192080
2022-03-07,2022,3,545807,210745,191985,196709,191906
2022-03-08,2022,3,545807,210548,191909,196706,191825
2022-03-09,2022,3,545807,209680,191746,196293,191639
2022-03-10,2022,3,545807,209450,191749,196248,191609
2022-03-11,2022,3,545807,208779,191336,195825,191174
2022-03-12,2022,3,545807,208475,191149,195462,190963
2022-03-13,2022,3,545807,207937,190991,195321,190814
2022-03-14,2022,3,545807,207251,190733,195181,190571
2022-11-15,2023,11,545807,311297,198140,210949,197976
2022-11-16,2023,11,545807,315264,198163,210798,198009
2022-11-17,2023,11,545807,320222,197945,210455,197793
2022-11-18,2023,11,545807,322596,198110,210735,197970
2022-11-19,2023,11,545807,324457,197853,210092,197701
2022-11-20,2023,11,545807,327054,198076,210505,197937
2022-11-21,2023,11,545807,327170,197952,210409,197785
2022-11-22,2023,11,545807,327147,197981,210348,197827
2022-11-23,2023,11,545807,328725,198215,210486,198052
2022-11-24,2023,11,545807,329468,197905,210482,197739
2022-11-25,2023,11,545807,326798,197910,210285,197729
2022-11-26,2023,11,545807,323730,197786,210309,197601
2022-11-27,2023,11,545807,319167,197413,209725,197253
2022-11-28,2023,11,545807,312058,197168,209438,197025
2022-11-29,2023,11,545807,302856,196181,208002,196043
2022-11-30,2023,11,545807,293507,195509,207140,195396
2022-12-01,2023,12,545807,290809,195048,206736,194947
2022-12-02,2023,12,545807,291060,195508,206960,195392
2022-12-03,2023,12,545807,291461,195637,207003,195534
2022-12-04,2023,12,545807,290686,195657,206760,195529
2022-12-05,2023,12,545807,289125,195697,206919,195566
2022-12-06,2023,12,545807,287254,195672,206581,195543
2022-12-07,2023,12,545807,286254,195691,206694,195593
2022-12-08,2023,12,545807,284946,196510,207315,196366
2022-12-09,2023,12,545807,282761,197193,208019,197091
2022-12-10,2023,12,545807,283726,197734,208433,197618
2022-12-11,2023,12,545807,286325,198421,208985,198276
2022-12-12,2023,12,545807,289342,198601,208966,198451
2022-12-13,2023,12,545807,291414,198809,208762,198679
2022-12-14,2023,12,545807,296191,198845,208781,198707
2022-12-15,2023,12,545807,298189,199076,208625,198939
2022-12-16,2023,12,545807,300019,198804,208493,198681
2022-12-17,2023,12,545807,301339,198588,208325,198444
2022-12-18,2023,12,545807,301724,198732,208354,198589
2022-12-19,2023,12,545807,301421,198495,208025,198384
2022-12-20,2023,12,545807,301103,198291,207951,198168
2022-12-21,2023,12,545807,300211,197854,207350,197720
2022-12-22,2023,12,545807,299811,198119,207326,197988
2022-12-23,2023,12,545807,299072,198454,207711,198315
2022-12-24,2023,12,545807,298620,198524,207707,198378
2022-12-25,2023,12,545807,294937,198943,207569,198815
2022-12-26,2023,12,545807,293300,198795,206846,198637
2022-12-27,2023,12,545807,291118,198374,206348,198242
2022-12-28,2023,12,545807,289415,198354,206048,198208
2022-12-29,2023,12,545807,286576,198255,206060,198086
2022-12-30,2023,12,545807,285062,198103,205944,197909
2022-12-31,2023,12,545807,284357,198179,205835,197926
2023-01-01,2023,1,545807,284141,198641,206117,198351
2023-01-02,2023,1,545807,283312,198460,205953,198213
2023-01-03,2023,1,545807,283254,198247,205933,197998
2023-01-04,2023,1,545807,282715,198280,205856,198062
2023-01-05,2023,1,545807,281764,198811,206148,198610
2023-01-06,2023,1,545807,280590,198534,205898,198330
2023-01-07,2023,1,545807,279571,198846,205952,198642
2023-01-08,2023,1,545807,278026,199123,206098,198924
2023-01-09,2023,1,545807,270410,198683,205779,198489
2023-01-10,2023,1,545807,257570,198692,205625,198473
2023-01-11,2023,1,545807,251425,198826,205757,198623
2023-01-12,2023,1,545807,251103,199283,205991,199089
2023-01-13,2023,1,545807,250968,199108,205803,198904
2023-01-14,2023,1,545807,250721,199074,205862,198893
2023-01-15,2023,1,545807,250187,198727,205393,198585
2023-01-16,2023,1,545807,250103,198944,205450,198767
2023-01-17,2023,1,545807,249891,199198,205637,199020
2023-01-18,2023,1,545807,249048,198930,205285,198747
2023-01-19,2023,1,545807,247736,198970,205330,198819
2023-01-20,2023,1,545807,247307,199199,205683,199035
2023-01-21,2023,1,545807,245968,198842,205207,198679
2023-01-22,2023,1,545807,244075,198607,204992,198446
2023-01-23,2023,1,545807,240445,198785,205034,198652
2023-01-24,2023,1,545807,237786,198497,204770,198345
2023-01-25,2023,1,545807,235878,198709,205066,198588
2023-01-26,2023,1,545807,234505,198626,204812,198487
2023-01-27,2023,1,545807,234663,198812,204963,198688
2023-01-28,2023,1,545807,234390,198616,204798,198499
2023-01-29,2023,1,545807,234447,198496,204715,198393
2023-01-30,2023,1,545807,234008,198206,204411,198101
2023-01-31,2023,1,545807,233762,197814,203953,197718
2023-02-01,2023,2,545807,233793,197930,204015,197819
2023-02-02,2023,2,545807,233177,197563,203842,197464
2023-02-03,2023,2,545807,232284,197402,203458,197289
2023-02-04,2023,2,545807,231263,197583,203394,197489
2023-02-05,2023,2,545807,230631,197487,203321,197398
2023-02-06,2023,2,545807,230136,197378,203096,197284
2023-02-07,2023,2,545807,229599,197267,202954,197172
2023-02-08,2023,2,545807,229289,197022,202757,196901
2023-02-09,2023,2,545807,228952,196798,202497,196686
2023-02-10,2023,2,545807,228819,196599,202241,196505
2023-02-11,2023,2,545807,228764,196389,202059,196283
2023-02-12,2023,2,545807,228793,196584,202329,196506
2023-02-13,2023,2,545807,228615,196363,202047,196267
2023-02-14,2023,2,545807,228898,196477,202119,196404
2023-02-15,2023,2,545807,228384,196405,202129,196323
2023-02-16,2023,2,545807,228394,196614,202190,196526
2023-02-17,2023,2,545807,228201,196279,201917,196211
2023-02-18,2023,2,545807,228362,196472,202120,196380
2023-02-19,2023,2,545807,228681,196379,201912,196279
2023-02-20,2023,2,545807,228494,196373,201995,196288
2023-02-21,2023,2,545807,227755,195998,201627,195914
2023-02-22,2023,2,545807,227680,196495,202081,196405
2023-02-23,2023,2,545807,226163,196294,201497,196217
2023-02-24,2023,2,545807,221702,196397,201310,196313
2023-02-25,2023,2,545807,217903,196418,201165,196310
2023-02-26,2023,2,545807,217449,196190,200874,196108
2023-02-27,2023,2,545807,216983,196300,200762,196188
2023-02-28,2023,2,545807,216242,195780,200147,195690
2023-03-01,2023,3,545807,215543,195461,199700,195372
2023-03-02,2023,3,545807,214572,194989,199163,194907
2023-03-03,2023,3,545807,214560,195025,199145,194953
2023-03-04,2023,3,545807,213867,194149,198303,194093
2023-03-05,2023,3,545807,213531,194073,197904,193998
2023-03-06,2023,3,545807,212597,194136,197305,194090
2023-03-07,2023,3,545807,212092,193693,196872,193655
2023-03-08,2023,3,545807,212372,193953,197029,193890
2023-03-09,2023,3,545807,211760,193558,196578,193500
2023-03-10,2023,3,545807,211366,193228,196180,193158
2023-03-11,2023,3,545807,211110,193115,195939,193058
2023-03-12,2023,3,545807,210459,192966,195755,192913
2023-03-13,2023,3,545807,210009,192847,195707,192789
2023-03-14,2023,3,545807,209790,192766,195702,192708
2023-11-15,2024,11,545807,281953,194344,201541,194234
2023-11-16,2024,11,545807,281095,193800,200996,193689
2023-11-17,2024,11,545807,279497,193541,200240,193433
2023-11-18,2024,11,545807,276226,193849,200154,193720
2023-11-19,2024,11,545807,271390,193934,200151,193811
2023-11-20,2024,11,545807,267696,193998,199957,193873
2023-11-21,2024,11,545807,265493,193694,199635,193578
2023-11-22,2024,11,545807,260450,193466,199470,193367
2023-11-23,2024,11,545807,256429,193761,199427,193656
2023-11-24,2024,11,545807,255125,193566,199173,193474
2023-11-25,2024,11,545807,253091,194084,199491,193998
2023-11-26,2024,11,545807,253486,194202,199762,194097
2023-11-27,2024,11,545807,255414,194471,199820,194364
2023-11-28,2024,11,545807,260310,195318,200156,195227
2023-11-29,2024,11,545807,247080,195126,199582,195014
2023-11-30,2024,11,545807,246170,194803,199437,194699
2023-12-01,2024,12,545807,246084,194687,199353,194580
2023-12-02,2024,12,545807,245779,194464,198816,194369
2023-12-03,2024,12,545807,244266,194235,198294,194124
2023-12-04,2024,12,545807,242667,193732,197511,193632
2023-12-05,2024,12,545807,240269,193202,196599,193097
2023-12-06,2024,12,545807,238535,192352,195444,192251
2023-12-07,2024,12,545807,236199,191884,194483,191786
2023-12-08,2024,12,545807,234669,191382,193787,191256
2023-12-09,2024,12,545807,231388,190698,192843,190569
2023-12-10,2024,12,545807,229233,190502,192488,190372
2023-12-11,2024,12,545807,228574,190353,192529,190239
2023-12-12,2024,12,545807,227821,189993,192043,189857
2023-12-13,2024,12,545807,227050,189697,191806,189590
2023-12-14,2024,12,545807,226136,189587,191652,189470
2023-12-15,2024,12,545807,224773,188867,190837,188762
2023-12-16,2024,12,545807,223547,188867,190817,188746
2023-12-17,2024,12,545807,223037,188543,190469,188439
2023-12-18,2024,12,545807,221537,188579,190400,188468
2023-12-19,2024,12,545807,219084,187824,189593,187725
2023-12-20,2024,12,545807,216628,187782,189496,187671
2023-12-21,2024,12,545807,212987,187061,188753,186946
2023-12-22,2024,12,545807,208961,186748,188363,186654
2023-12-23,2024,12,545807,206963,186398,188055,186297
2023-12-24,2024,12,545807,205974,186209,187691,186111
2023-12-25,2024,12,545807,205833,186171,187720,186072
2023-12-26,2024,12,545807,205556,186179,187696,186070
2023-12-27,2024,12,545807,205536,186085,187579,185986
2023-12-28,2024,12,545807,205144,185883,187350,185766
2023-12-29,2024,12,545807,204760,185597,187079,185484
2023-12-30,2024,12,545807,204357,185318,186702,185209
2023-12-31,2024,12,545807,204321,185032,186461,184936
2024-01-01,2024,1,545807,203805,184796,186195,184699
2024-01-02,2024,1,545807,203617,184948,186314,184820
2024-01-03,2024,1,545807,202698,184846,186232,184744
2024-01-04,2024,1,545807,199923,184744,186048,184647
2024-01-05,2024,1,545807,199806,184556,185976,184461
2024-01-06,2024,1,545807,199445,184374,185730,184291
2024-01-07,2024,1,545807,199142,184206,185629,184128
2024-01-08,2024,1,545807,199303,184384,185765,184325
2024-01-09,2024,1,545807,198975,184295,185627,184225
2024-01-10,2024,1,545807,198750,184047,185450,183998
2024-01-11,2024,1,545807,198648,184097,185442,184061
2024-01-12,2024,1,545807,198158,183870,185250,183829
2024-01-13,2024,1,545807,197736,183781,185214,183741
2024-01-14,2024,1,545807,197673,183741,185113,183708
2024-01-15,2024,1,545807,197389,183489,184906,183462
2024-01-16,2024,1,545807,197295,183644,185010,183598
2024-01-17,2024,1,545807,197155,183437,184758,183408
2024-01-18,2024,1,545807,196788,183406,184669,183376
2024-01-19,2024,1,545807,196346,183454,184618,183421
2024-01-20,2024,1,545807,195580,183017,184167,182987
2024-01-21,2024,1,545807,195032,183196,184195,183165
2024-01-22,2024,1,545807,193609,182361,183341,182316
2024-01-23,2024,1,545807,192298,182176,183027,182118
2024-01-24,2024,1,545807,190262,181517,182380,181499
2024-01-25,2024,1,545807,188539,180680,181626,180680
2024-01-26,2024,1,545807,187750,180225,181095,180225
2024-01-27,2024,1,545807,186951,179554,180437,179554
2024-01-28,2024,1,545807,186428,178933,179866,178933
2024-01-29,2024,1,545807,186268,178850,179774,178850
2024-01-30,2024,1,545807,185811,178490,179391,178490
2024-01-31,2024,1,545807,185373,178293,179113,178293
2024-02-01,2024,2,545807,185251,178087,178889,178087
2024-02-02,2024,2,545807,184990,177906,178742,177906
2024-02-03,2024,2,545807,184245,177497,178429,177497
2024-02-04,2024,2,545807,183299,176741,177606,176741
2024-02-05,2024,2,545807,182686,176250,177185,176250
2024-02-06,2024,2,545807,182180,175968,176917,175968
2024-02-07,2024,2,545807,182314,176266,177177,176266
2024-02-08,2024,2,545807,181990,175960,176865,175960
2024-02-09,2024,2,545807,181738,175704,176655,175704
2024-02-10,2024,2,545807,181579,175567,176620,175567
2024-02-11,2024,2,545807,181351,175579,176546,175579
2024-02-12,2024,2,545807,180652,175132,176123,175132
2024-02-13,2024,2,545807,180363,175142,176147,175142
2024-02-14,2024,2,545807,180255,175143,176108,175143
2024-02-15,2024,2,545807,180108,174897,175997,174896
2024-02-16,2024,2,545807,180358,175142,176183,175142
2024-02-17,2024,2,545807,180313,175129,176178,175129
2024-02-18,2024,2,545807,180155,175188,176213,175188
2024-02-19,2024,2,545807,180301,175290,176287,175290
2024-02-20,2024,2,545807,179944,174948,175941,174948
2024-02-21,2024,2,545807,179781,174884,175886,174884
2024-02-22,2024,2,545807,179699,174705,175703,174705
2024-02-23,2024,2,545807,179627,174742,175692,174742
2024-02-24,2024,2,545807,179458,174559,175534,174559
2024-02-25,2024,2,545807,179461,174773,175707,174773
2024-02-26,2024,2,545807,179312,174581,175519,174581
2024-02-27,2024,2,545807,178981,174315,175255,174315
2024-02-28,2024,2,545807,178804,174194,175119,174194
2024-02-29,2024,2,545807,178688,174179,175041,174179
2024-03-01,2024,3,545807,178454,173886,174838,173886
2024-03-02,2024,3,545807,178472,174067,174977,174067
2024-03-03,2024,3,545807,178464,174051,174966,174050
2024-03-04,2024,3,545807,178508,174054,174932,174054
2024-03-05,2024,3,545807,178069,173879,174688,173879
2024-03-06,2024,3,545807,177946,173610,174448,173610
2024-03-07,2024,3,545807,177984,173647,174485,173647
2024-03-08,2024,3,545807,177854,173606,174433,173606
2024-03-09,2024,3,545807,178038,173930,174701,173930
2024-03-10,2024,3,545807,177833,173657,174501,173657
2024-03-11,2024,3,545807,177864,173789,174619,173789
2024-03-12,2024,3,545807,177515,173361,174214,173361
2024-03-13,2024,3,545807,177280,173145,173986,173145
2024-03-14,2024,3,545807,177330,173215,174076,173215
2024-11-15,2025,11,545807,252030,190533,198460,190447
2024-11-16,2025,11,545807,249114,190256,198211,190172
2024-11-17,2025,11,545807,245369,189674,197038,189575
2024-11-18,2025,11,545807,242945,189006,195960,188924
2024-11-19,2025,11,545807,243260,188820,195857,188722
2024-11-20,2025,11,545807,242486,188382,195380,188298
2024-11-21,2025,11,545807,244063,188730,196184,188656
2024-11-22,2025,11,545807,245359,189490,196989,189405
2024-11-23,2025,11,545807,244532,189573,196896,189498
2024-11-24,2025,11,545807,243905,189711,196949,189623
2024-11-25,2025,11,545807,242784,188875,195696,188787
2024-11-26,2025,11,545807,241454,188894,195398,188805
2024-11-27,2025,11,545807,240990,188917,195552,188839
2024-11-28,2025,11,545807,234452,188384,194815,188292
2024-11-29,2025,11,545807,233362,188444,194998,188347
2024-11-30,2025,11,545807,233761,188295,194626,188184
2024-12-01,2025,12,545807,238637,189205,196272,189118
2024-12-02,2025,12,545807,241397,189689,197512,189573
2024-12-03,2025,12,545807,243713,189947,197981,189815
2024-12-04,2025,12,545807,247201,190462,198777,190337
2024-12-05,2025,12,545807,249323,190869,199278,190731
2024-12-06,2025,12,545807,250703,191192,199750,191044
2024-12-07,2025,12,545807,251369,191419,199857,191308
2024-12-08,2025,12,545807,251050,191487,200136,191347
2024-12-09,2025,12,545807,251219,192131,200739,191988
2024-12-10,2025,12,545807,250838,192047,200867,191917
2024-12-11,2025,12,545807,250516,191570,200552,191445
2024-12-12,2025,12,545807,249727,191512,200313,191360
2024-12-13,2025,12,545807,248880,191766,200955,191637
2024-12-14,2025,12,545807,247313,191807,201038,191671
2024-12-15,2025,12,545807,245987,192020,201288,191890
2024-12-16,2025,12,545807,245716,191896,201244,191772
2024-12-17,2025,12,545807,246218,191526,201167,191385
2024-12-18,2025,12,545807,247757,192023,201641,191867
2024-12-19,2025,12,545807,245721,191790,201546,191665
2024-12-20,2025,12,545807,244279,192320,201781,192198
2024-12-21,2025,12,545807,241702,191400,201031,191290
2024-12-22,2025,12,545807,242551,191808,201297,191688
2024-12-23,2025,12,545807,243855,191862,201599,191748
2024-12-24,2025,12,545807,243421,192425,201988,192296
2024-12-25,2025,12,545807,242848,192679,202314,192546
2024-12-26,2025,12,545807,244778,193392,202937,193252
2024-12-27,2025,12,545807,248004,193329,203033,193196
2024-12-28,2025,12,545807,247671,193231,203012,193076
2024-12-29,2025,12,545807,250518,193607,203727,193476
2024-12-30,2025,12,545807,253566,194514,204886,194366
2024-12-31,2025,12,545807,251362,194627,204756,194473
2025-01-01,2025,1,545807,248587,194611,204864,194471
2025-01-02,2025,1,545807,247194,195381,205568,195242
2025-01-03,2025,1,545807,247293,196459,206779,196317
2025-01-04,2025,1,545807,245544,195868,206329,195718
2025-01-05,2025,1,545807,245236,196019,206486,195875
2025-01-06,2025,1,545807,242823,195649,205871,195508
2025-01-07,2025,1,545807,240902,195456,205703,195320
2025-01-08,2025,1,545807,238944,195918,205857,195753
2025-01-09,2025,1,545807,238737,196069,205931,195943
2025-01-10,2025,1,545807,238102,195841,205775,195688
2025-01-11,2025,1,545807,237403,195686,205485,195530
2025-01-12,2025,1,545807,235132,195129,204831,195005
2025-01-13,2025,1,545807,229983,194640,203983,194486
2025-01-14,2025,1,545807,225753,194392,203774,194255
2025-01-15,2025,1,545807,223635,194498,203760,194369
2025-01-16,2025,1,545807,223142,194662,203760,194539
2025-01-17,2025,1,545807,221638,194118,203222,193985
2025-01-18,2025,1,545807,220870,194585,203562,194466
2025-01-19,2025,1,545807,220881,195079,204021,194961
2025-01-20,2025,1,545807,219400,194488,203385,194358
2025-01-21,2025,1,545807,216824,194197,202936,194063
2025-01-22,2025,1,545807,215610,193817,202425,193693
2025-01-23,2025,1,545807,215005,193911,202253,193775
2025-01-24,2025,1,545807,215093,194304,202723,194169
2025-01-25,2025,1,545807,214948,194646,203021,194510
2025-01-26,2025,1,545807,214884,194917,203210,194786
2025-01-27,2025,1,545807,214759,195005,203235,194862
2025-01-28,2025,1,545807,214351,195197,203157,195047
2025-01-29,2025,1,545807,214828,195532,203613,195390
2025-01-30,2025,1,545807,214244,195168,203165,195029
2025-01-31,2025,1,545807,212228,194925,202413,194809
2025-02-01,2025,2,545807,209679,194707,201562,194599
2025-02-02,2025,2,545807,208511,194671,201131,194627
2025-02-03,2025,2,545807,207462,194121,200586,194095
2025-02-04,2025,2,545807,207005,193960,200240,193941
2025-02-05,2025,2,545807,206248,193497,199584,193478
2025-02-06,2025,2,545807,205986,193505,199635,193480
2025-02-07,2025,2,545807,206006,193647,199655,193616
2025-02-08,2025,2,545807,205537,193312,199409,193285
2025-02-09,2025,2,545807,205487,193231,199251,193207
2025-02-10,2025,2,545807,205301,193235,199234,193201
2025-02-11,2025,2,545807,204092,192771,198402,192736
2025-02-12,2025,2,545807,203351,192379,197973,192343
2025-02-13,2025,2,545807,202586,191932,197201,191891
2025-02-14,2025,2,545807,202398,191614,196973,191583
2025-02-15,2025,2,545807,201970,191298,196504,191285
2025-02-16,2025,2,545807,201267,190544,196001,190536
2025-02-17,2025,2,545807,201762,191092,196495,191082
2025-02-18,2025,2,545807,201689,190625,196181,190609
2025-02-19,2025,2,545807,201720,190728,196315,190707
2025-02-20,2025,2,545807,201849,190995,196576,190973
2025-02-21,2025,2,545807,201265,191115,196549,191091
2025-02-22,2025,2,545807,200930,190967,196537,190936
2025-02-23,2025,2,545807,200691,191054,196457,191020
2025-02-24,2025,2,545807,200372,191259,196556,191229
2025-02-25,2025,2,545807,200384,191458,196585,191432
2025-02-26,2025,2,545807,200216,191214,196480,191179
2025-02-27,2025,2,545807,200162,191336,196620,191331
2025-02-28,2025,2,545807,199679,191026,196139,191026
2025-03-01,2025,3,545807,198467,190109,195058,190109
2025-03-02,2025,3,545807,197685,189547,194453,189547
2025-03-03,2025,3,545807,197593,189401,194350,189401
2025-03-04,2025,3,545807,197340,189303,194199,189302
2025-03-05,2025,3,545807,196629,188608,193402,188606
2025-03-06,2025,3,545807,196502,188338,193244,188338
2025-03-07,2025,3,545807,196565,188397,193210,188397
2025-03-08,2025,3,545807,197033,188951,193828,188951
2025-03-09,2025,3,545807,197161,189101,193827,189101
2025-03-10,2025,3,545807,197034,189010,193816,189009
2025-03-11,2025,3,545807,197259,189156,193994,189155
2025-03-12,2025,3,545807,196932,188904,193695,188903
2025-03-13,2025,3,545807,196931,188676,193537,188676
2025-03-14,2025,3,545807,196679,188399,193328,188397
